ID,Name,Effect
white,Calm Hills,Perfect calm conditions means units are well rested and gain +10% HP! 
purple,Warehouse,Spotless warehouse floors give all units +10% movement speed!
blue,Rainy Dock,Rainy wet conditions here mean -25% effectiveness of fire damage!
green,Marshy Swamp,Muddy terrain means all units have -10% movement speed!
yellow,Sunbaked Desert,Scorching heat and dry conditions reduce all unit damage by -10%!
orange,Rumbling Volcano,Rumbling volcanic activity increases the effectiveness of fire damage by +10%!
red,Cherry Forest,The peaceful forest and pristing rivers intermittently heal all units on the field!
black,Distant Planet,Low gravity here means units fly farther when knocked back!
shadow,Shadow Maps,These maps are shrouded in darkness making for easier attacks. All units deal +10% damage on top of the regular map effects!
