human_team,human_off,human_def,counter_winrate,random_winrate,fixed_winrate,counter_pick
Black,nuke,heal,0.9450,0.4300,1.0000,Orange/freeze/heal
Black,nuke,reinforcements,1.0000,0.2250,1.0000,White/nuke/reinforcements
Black,nuke,speed,1.0000,0.7975,1.0000,White/nuke/heal
Black,nuke,wall,1.0000,0.3000,1.0000,White/nuke/reinforcements
Black,firebomb,heal,1.0000,0.3550,1.0000,White/nuke/reinforcements
Black,firebomb,reinforcements,1.0000,0.3250,1.0000,White/nuke/reinforcements
Black,firebomb,speed,1.0000,0.8000,1.0000,White/nuke/reinforcements
Black,firebomb,wall,1.0000,0.3025,1.0000,White/nuke/reinforcements
Black,snipe,heal,1.0000,0.7000,1.0000,White/nuke/reinforcements
Black,snipe,reinforcements,1.0000,0.3900,1.0000,White/nuke/reinforcements
Black,snipe,speed,1.0000,0.9400,1.0000,White/nuke/reinforcements
Black,snipe,wall,1.0000,0.6850,1.0000,White/nuke/reinforcements
Black,freeze,heal,1.0000,0.3400,1.0000,White/nuke/reinforcements
Black,freeze,reinforcements,1.0000,0.1950,1.0000,White/nuke/reinforcements
Black,freeze,speed,1.0000,0.6700,1.0000,White/nuke/reinforcements
Black,freeze,wall,1.0000,0.2700,1.0000,White/nuke/reinforcements
Blue,nuke,heal,1.0000,0.4500,1.0000,White/nuke/heal
Blue,nuke,reinforcements,1.0000,0.4350,1.0000,White/nuke/reinforcements
Blue,nuke,speed,1.0000,0.6100,1.0000,White/nuke/heal
Blue,nuke,wall,1.0000,0.3300,1.0000,White/nuke/reinforcements
Blue,firebomb,heal,1.0000,0.3200,1.0000,White/nuke/reinforcements
Blue,firebomb,reinforcements,1.0000,0.5800,1.0000,White/nuke/reinforcements
Blue,firebomb,speed,1.0000,0.6300,1.0000,White/nuke/reinforcements
Blue,firebomb,wall,1.0000,0.3125,1.0000,White/nuke/reinforcements
Blue,snipe,heal,1.0000,0.7350,1.0000,White/nuke/reinforcements
Blue,snipe,reinforcements,1.0000,0.6100,1.0000,White/nuke/reinforcements
Blue,snipe,speed,1.0000,0.8400,1.0000,White/nuke/reinforcements
Blue,snipe,wall,1.0000,0.6325,1.0000,White/nuke/reinforcements
Blue,freeze,heal,1.0000,0.3225,1.0000,White/nuke/reinforcements
Blue,freeze,reinforcements,1.0000,0.4400,1.0000,White/nuke/reinforcements
Blue,freeze,speed,1.0000,0.5300,1.0000,White/nuke/reinforcements
Blue,freeze,wall,1.0000,0.3600,1.0000,White/nuke/reinforcements
Green,nuke,heal,1.0000,0.6200,1.0000,White/nuke/reinforcements
Green,nuke,reinforcements,1.0000,0.6000,1.0000,White/nuke/reinforcements
Green,nuke,speed,1.0000,0.8850,1.0000,White/nuke/reinforcements
Green,nuke,wall,1.0000,0.6525,1.0000,White/nuke/reinforcements
Green,firebomb,heal,1.0000,0.6650,1.0000,White/nuke/reinforcements
Green,firebomb,reinforcements,1.0000,0.7350,1.0000,White/nuke/reinforcements
Green,firebomb,speed,1.0000,0.9650,1.0000,White/nuke/reinforcements
Green,firebomb,wall,1.0000,0.6700,1.0000,White/nuke/reinforcements
Green,snipe,heal,1.0000,0.8400,1.0000,White/nuke/reinforcements
Green,snipe,reinforcements,1.0000,0.6650,1.0000,White/nuke/reinforcements
Green,snipe,speed,1.0000,0.9650,1.0000,White/nuke/reinforcements
Green,snipe,wall,1.0000,0.8800,1.0000,White/nuke/reinforcements
Green,freeze,heal,1.0000,0.6175,1.0000,White/nuke/reinforcements
Green,freeze,reinforcements,1.0000,0.6875,1.0000,White/nuke/reinforcements
Green,freeze,speed,1.0000,0.8850,1.0000,White/nuke/reinforcements
Green,freeze,wall,1.0000,0.6325,1.0000,White/nuke/reinforcements
Orange,nuke,heal,0.9175,0.5475,1.0000,Blue/nuke/wall
Orange,nuke,reinforcements,1.0000,0.1300,1.0000,White/nuke/reinforcements
Orange,nuke,speed,1.0000,0.8250,1.0000,White/nuke/heal
Orange,nuke,wall,1.0000,0.3500,1.0000,Blue/nuke/wall
Orange,firebomb,heal,1.0000,0.5900,1.0000,White/freeze/reinforcements
Orange,firebomb,reinforcements,1.0000,0.3250,1.0000,White/nuke/reinforcements
Orange,firebomb,speed,1.0000,0.8300,1.0000,White/nuke/reinforcements
Orange,firebomb,wall,1.0000,0.4175,1.0000,White/nuke/reinforcements
Orange,snipe,heal,1.0000,0.7950,1.0000,White/nuke/reinforcements
Orange,snipe,reinforcements,1.0000,0.3550,1.0000,White/nuke/reinforcements
Orange,snipe,speed,1.0000,0.9550,1.0000,White/nuke/reinforcements
Orange,snipe,wall,1.0000,0.7400,1.0000,White/nuke/reinforcements
Orange,freeze,heal,1.0000,0.4575,1.0000,White/nuke/reinforcements
Orange,freeze,reinforcements,1.0000,0.1650,1.0000,White/nuke/reinforcements
Orange,freeze,speed,1.0000,0.7400,1.0000,White/nuke/reinforcements
Orange,freeze,wall,1.0000,0.3575,1.0000,White/nuke/reinforcements
Purple,nuke,heal,1.0000,0.4650,1.0000,White/nuke/reinforcements
Purple,nuke,reinforcements,1.0000,0.2250,1.0000,White/nuke/reinforcements
Purple,nuke,speed,1.0000,0.7750,1.0000,White/nuke/reinforcements
Purple,nuke,wall,1.0000,0.4075,1.0000,White/nuke/reinforcements
Purple,firebomb,heal,1.0000,0.5200,1.0000,White/nuke/reinforcements
Purple,firebomb,reinforcements,1.0000,0.3650,1.0000,White/nuke/reinforcements
Purple,firebomb,speed,1.0000,0.9200,1.0000,White/nuke/reinforcements
Purple,firebomb,wall,1.0000,0.4850,1.0000,White/nuke/reinforcements
Purple,snipe,heal,1.0000,0.7250,1.0000,White/nuke/reinforcements
Purple,snipe,reinforcements,1.0000,0.2600,1.0000,White/nuke/reinforcements
Purple,snipe,speed,1.0000,0.9600,1.0000,White/nuke/reinforcements
Purple,snipe,wall,1.0000,0.6800,1.0000,White/nuke/reinforcements
Purple,freeze,heal,1.0000,0.4500,1.0000,White/nuke/reinforcements
Purple,freeze,reinforcements,1.0000,0.2700,1.0000,White/nuke/reinforcements
Purple,freeze,speed,1.0000,0.8000,1.0000,White/nuke/reinforcements
Purple,freeze,wall,1.0000,0.3675,1.0000,White/nuke/reinforcements
Red,nuke,heal,1.0000,0.4425,1.0000,White/nuke/reinforcements
Red,nuke,reinforcements,1.0000,0.5250,1.0000,White/nuke/reinforcements
Red,nuke,speed,1.0000,0.8700,1.0000,White/nuke/heal
Red,nuke,wall,1.0000,0.3950,1.0000,White/nuke/reinforcements
Red,firebomb,heal,1.0000,0.5325,1.0000,White/nuke/reinforcements
Red,firebomb,reinforcements,1.0000,0.5550,1.0000,White/nuke/reinforcements
Red,firebomb,speed,1.0000,0.9500,1.0000,White/nuke/reinforcements
Red,firebomb,wall,1.0000,0.4200,1.0000,White/nuke/reinforcements
Red,snipe,heal,1.0000,0.8000,1.0000,White/nuke/reinforcements
Red,snipe,reinforcements,1.0000,0.6900,1.0000,White/nuke/reinforcements
Red,snipe,speed,1.0000,0.9950,1.0000,White/nuke/reinforcements
Red,snipe,wall,1.0000,0.6850,1.0000,White/nuke/reinforcements
Red,freeze,heal,1.0000,0.4200,1.0000,White/nuke/reinforcements
Red,freeze,reinforcements,1.0000,0.6250,1.0000,White/nuke/reinforcements
Red,freeze,speed,1.0000,0.8500,1.0000,White/nuke/reinforcements
Red,freeze,wall,1.0000,0.3625,1.0000,White/nuke/reinforcements
White,nuke,heal,1.0000,0.1300,1.0000,White/nuke/heal
White,nuke,reinforcements,0.0000,0.0075,0.5000,White/nuke/heal
White,nuke,speed,1.0000,0.2850,1.0000,White/nuke/heal
White,nuke,wall,0.0000,0.0800,1.0000,White/nuke/wall
White,firebomb,heal,1.0000,0.0650,1.0000,White/nuke/reinforcements
White,firebomb,reinforcements,0.0000,0.0200,0.0000,White/nuke/heal
White,firebomb,speed,1.0000,0.3500,1.0000,White/nuke/reinforcements
White,firebomb,wall,1.0000,0.0450,1.0000,White/nuke/reinforcements
White,snipe,heal,1.0000,0.3225,1.0000,White/nuke/reinforcements
White,snipe,reinforcements,1.0000,0.0450,1.0000,White/nuke/reinforcements
White,snipe,speed,1.0000,0.5650,1.0000,White/nuke/reinforcements
White,snipe,wall,1.0000,0.1825,1.0000,White/nuke/reinforcements
White,freeze,heal,1.0000,0.0375,1.0000,White/nuke/reinforcements
White,freeze,reinforcements,0.0000,0.0150,0.0000,White/nuke/reinforcements
White,freeze,speed,1.0000,0.2550,1.0000,White/nuke/reinforcements
White,freeze,wall,1.0000,0.0550,1.0000,White/nuke/reinforcements
Yellow,nuke,heal,1.0000,0.4150,1.0000,White/nuke/heal
Yellow,nuke,reinforcements,1.0000,0.2100,1.0000,White/nuke/reinforcements
Yellow,nuke,speed,1.0000,0.6625,1.0000,White/nuke/heal
Yellow,nuke,wall,1.0000,0.3200,1.0000,White/nuke/reinforcements
Yellow,firebomb,heal,1.0000,0.3550,1.0000,White/nuke/reinforcements
Yellow,firebomb,reinforcements,1.0000,0.3300,1.0000,White/nuke/reinforcements
Yellow,firebomb,speed,1.0000,0.6850,1.0000,White/nuke/reinforcements
Yellow,firebomb,wall,1.0000,0.3325,1.0000,White/nuke/reinforcements
Yellow,snipe,heal,1.0000,0.7100,1.0000,White/nuke/reinforcements
Yellow,snipe,reinforcements,1.0000,0.3575,1.0000,White/nuke/reinforcements
Yellow,snipe,speed,1.0000,0.8700,1.0000,White/nuke/reinforcements
Yellow,snipe,wall,1.0000,0.6375,1.0000,White/nuke/reinforcements
Yellow,freeze,heal,1.0000,0.3100,1.0000,White/nuke/reinforcements
Yellow,freeze,reinforcements,1.0000,0.2525,1.0000,White/nuke/reinforcements
Yellow,freeze,speed,1.0000,0.6300,1.0000,White/nuke/reinforcements
Yellow,freeze,wall,1.0000,0.2500,1.0000,White/nuke/reinforcements
