timestep,overall_winrate,mean_ep_reward,avg_invests_per_game,sample_count,total_games
114688,0.4298,169.29,1.009,114,114
229376,0.4351,161.57,0.708,239,239
344064,0.4282,166.46,0.741,348,348
458752,0.4415,152.4,0.635,453,453
573440,0.4343,148.08,0.565,571,571
688128,0.4512,151.03,0.55,687,687
802816,0.4298,150.8,0.537,805,805
917504,0.4312,152.76,0.508,923,923
1032192,0.4304,153.1,0.513,1027,1027
1146880,0.4354,151.53,0.509,1146,1146
1261568,0.4354,151.88,0.486,1261,1261
1376256,0.4338,148.02,0.482,1383,1383
1490944,0.4305,146.89,0.484,1489,1489
1605632,0.4297,149.02,0.494,1601,1601
1720320,0.4336,147.85,0.495,1716,1716
1835008,0.4328,148.95,0.49,1823,1823
1949696,0.4297,147.96,0.516,1934,1934
2064384,0.435,147.99,0.512,2000,2045
2179072,0.437,146.14,0.679,2000,2153
2293760,0.4445,146.26,0.698,2000,2267
2408448,0.4435,146.3,0.781,2000,2392
2523136,0.4415,146.7,1.266,2000,2516
2637824,0.4445,146.29,1.246,2000,2630
2752512,0.447,146.18,1.215,2000,2743
2867200,0.4495,145.71,1.208,2000,2862
2981888,0.454,145.34,1.441,2000,2986
3096576,0.453,145.63,1.463,2000,3108
3211264,0.4495,144.78,1.579,2000,3235
3325952,0.451,145.14,1.777,2000,3358
3440640,0.4535,145.51,1.756,2000,3486
3555328,0.4525,147.51,1.933,2000,3601
3670016,0.4575,149.63,1.928,2000,3735
3784704,0.4605,149.84,1.935,2000,3858
3899392,0.461,153.37,2.155,2000,3988
4014080,0.457,154.76,2.239,2000,4154
4128768,0.4495,156.15,2.26,2000,4324
4243456,0.448,158.0,2.427,2000,4500
4358144,0.4335,160.17,2.548,2000,4652
4472832,0.425,163.5,2.59,2000,4796
4587520,0.4215,167.13,2.818,2000,4942
4702208,0.4195,170.74,3.121,2000,5082
4816896,0.4155,173.19,3.198,2000,5226
4931584,0.4125,175.49,3.227,2000,5385
5046272,0.408,177.77,3.302,2000,5537
5160960,0.4065,182.22,3.941,2000,5673
5275648,0.3975,184.9,4.423,2000,5831
5390336,0.3935,186.28,4.481,2000,5993
5505024,0.3845,187.16,4.686,2000,6155
5619712,0.3815,191.39,5.137,2000,6274
5734400,0.383,195.45,5.715,2000,6395
5849088,0.3865,199.39,5.922,2000,6526
5963776,0.3905,202.57,6.062,2000,6671
6078464,0.3885,203.01,6.168,2000,6849
6193152,0.3865,204.96,6.589,2000,6991
6307840,0.3825,209.13,6.892,2000,7108
6422528,0.3885,212.92,7.199,2000,7233
6537216,0.39,215.3,7.734,2000,7380
6651904,0.383,216.12,7.85,2000,7544
6766592,0.3815,218.1,8.038,2000,7678
6881280,0.386,221.24,8.289,2000,7802
6995968,0.378,223.43,8.508,2000,7939
7110656,0.376,226.02,8.695,2000,8073
7225344,0.3785,227.67,8.687,2000,8211
7340032,0.3765,230.65,8.947,2000,8338
7454720,0.367,233.44,9.284,2000,8461
7569408,0.3635,235.8,9.573,2000,8591
7684096,0.3595,237.1,9.655,2000,8727
7798784,0.3675,237.35,9.624,2000,8891
7913472,0.369,239.08,9.765,2000,9019
8028160,0.3725,240.58,9.832,2000,9157
8142848,0.37,242.32,9.825,2000,9276
8257536,0.3815,243.01,9.741,2000,9414
8372224,0.3895,243.25,9.654,2000,9573
8486912,0.389,243.74,9.572,2000,9718
8601600,0.39,244.04,9.586,2000,9854
8716288,0.3965,244.67,9.591,2000,9987
8830976,0.4035,244.66,9.521,2000,10119
8945664,0.409,244.72,9.439,2000,10243
9060352,0.418,244.23,9.352,2000,10356
9175040,0.4255,243.85,9.336,2000,10496
9289728,0.431,243.34,9.244,2000,10634
9404416,0.436,243.12,9.155,2000,10761
9519104,0.4365,242.82,9.103,2000,10884
9633792,0.438,242.45,9.028,2000,11006
9748480,0.434,242.08,9.07,2000,11138
9863168,0.4355,241.77,9.061,2000,11266
9977856,0.4315,241.54,9.006,2000,11415
10092544,0.4295,242.27,9.063,2000,11544
10207232,0.434,242.86,9.068,2000,11677
10321920,0.4365,243.12,9.172,2000,11827
10436608,0.435,244.53,9.55,2000,11948
10551296,0.428,244.86,9.685,2000,12107
10665984,0.415,244.74,9.698,2000,12275
10780672,0.4085,244.84,9.751,2000,12434
10895360,0.3995,245.47,9.806,2000,12585
11010048,0.391,246.8,9.835,2000,12724
11124736,0.391,248.57,10.137,2000,12848
11239424,0.3925,249.95,10.332,2000,12969
11354112,0.3965,249.33,10.305,2000,13156
11468800,0.394,249.09,10.242,2000,13311
11583488,0.3825,249.39,10.299,2000,13464
11698176,0.382,250.1,10.465,2000,13600
11812864,0.376,251.27,10.429,2000,13731
11927552,0.373,252.9,10.41,2000,13861
12042240,0.3745,253.43,10.431,2000,14002
12156928,0.3675,253.61,10.462,2000,14135
12271616,0.3755,254.46,10.509,2000,14268
12386304,0.383,254.97,10.561,2000,14414
12500992,0.39,255.32,10.556,2000,14569
12615680,0.3975,256.49,10.517,2000,14701
12730368,0.3935,257.18,10.489,2000,14828
12845056,0.3945,257.54,10.452,2000,14961
12959744,0.388,257.3,10.465,2000,15092
13074432,0.3855,256.99,10.421,2000,15229
13189120,0.388,257.1,10.397,2000,15374
13303808,0.3965,256.94,10.348,2000,15526
13418496,0.3965,257.44,10.384,2000,15652
13533184,0.403,257.57,10.333,2000,15787
13647872,0.4025,257.62,10.356,2000,15923
13762560,0.4025,257.74,10.36,2000,16059
13877248,0.4065,257.78,10.32,2000,16195
13991936,0.4105,258.21,10.287,2000,16317
14106624,0.4115,258.54,10.328,2000,16431
14221312,0.405,258.44,10.384,2000,16578
14336000,0.403,258.54,10.374,2000,16735
