timestep,opponent,winrate,mean_ep_reward,sample_count
114688,Anti-Spam Bot,0.0,103.25,7
114688,Random Dummy,0.5455,103.25,11
114688,Spam Bot T1,0.7895,103.25,19
114688,Spam Bot T2,0.8,103.25,10
114688,Spam Bot T3,1.0,103.25,5
114688,Spam Bot T4,0.0,103.25,2
114688,Spam Bot T5,0.0,103.25,5
114688,Spam Bot T6,0.0,103.25,4
114688,Spam Bot T7,0.0,103.25,3
114688,Spam Bot T8,0.25,103.25,4
114688,castle_defense_p1_v14,0.5833,103.25,12
114688,castle_defense_p1_v16,0.3333,103.25,12
114688,castle_defense_p1_v20,0.125,103.25,8
114688,castle_defense_p1_v21,0.3684,103.25,19
114688,castle_defense_p1_v22,0.875,103.25,8
114688,castle_defense_p1_v23,0.4286,103.25,14
114688,castle_defense_p1_v25,0.0,103.25,11
114688,castle_defense_p1_v3,0.5,103.25,10
114688,castle_defense_p1_v4,0.25,103.25,12
114688,castle_defense_p1_v7,0.0714,103.25,14
229376,Anti-Spam Bot,0.0,92.06,21
229376,Random Dummy,0.6176,91.9,34
229376,Spam Bot T1,0.8605,93.89,43
229376,Spam Bot T2,0.7778,95.79,18
229376,Spam Bot T3,0.8333,100.46,6
229376,Spam Bot T4,0.0,91.27,7
229376,Spam Bot T5,0.0,94.86,10
229376,Spam Bot T6,0.0,99.9,5
229376,Spam Bot T7,0.0,103.25,3
229376,Spam Bot T8,0.3333,93.93,9
229376,castle_defense_p1_v14,0.5143,92.22,35
229376,castle_defense_p1_v16,0.2308,94.22,26
229376,castle_defense_p1_v20,0.1429,92.86,21
229376,castle_defense_p1_v21,0.4706,95.85,34
229376,castle_defense_p1_v22,0.6957,92.31,23
229376,castle_defense_p1_v23,0.36,95.87,25
229376,castle_defense_p1_v25,0.087,94.5,23
229376,castle_defense_p1_v3,0.2273,94.1,22
229376,castle_defense_p1_v4,0.1818,95.62,22
229376,castle_defense_p1_v7,0.0769,95.51,26
344064,Anti-Spam Bot,0.0,94.36,28
344064,Random Dummy,0.551,94.76,49
344064,Spam Bot T1,0.8696,96.66,69
344064,Spam Bot T2,0.7692,97.47,26
344064,Spam Bot T3,0.7273,100.82,11
344064,Spam Bot T4,0.1,94.26,10
344064,Spam Bot T5,0.0,96.34,13
344064,Spam Bot T6,0.0,100.57,10
344064,Spam Bot T7,0.0,102.25,6
344064,Spam Bot T8,0.2727,95.26,11
344064,castle_defense_p1_v14,0.4667,94.23,45
344064,castle_defense_p1_v16,0.2059,95.87,34
344064,castle_defense_p1_v20,0.2,96.22,35
344064,castle_defense_p1_v21,0.4524,96.88,42
344064,castle_defense_p1_v22,0.6667,95.54,36
344064,castle_defense_p1_v23,0.3529,97.29,34
344064,castle_defense_p1_v25,0.2,96.81,35
344064,castle_defense_p1_v3,0.2571,96.75,35
344064,castle_defense_p1_v4,0.1053,97.99,38
344064,castle_defense_p1_v7,0.0571,96.98,35
458752,Anti-Spam Bot,0.0,94.79,36
458752,Random Dummy,0.5424,95.02,59
458752,Spam Bot T1,0.8041,96.55,97
458752,Spam Bot T2,0.8235,97.19,34
458752,Spam Bot T3,0.6429,99.84,14
458752,Spam Bot T4,0.1429,94.84,14
458752,Spam Bot T5,0.0,96.33,15
458752,Spam Bot T6,0.0833,99.86,12
458752,Spam Bot T7,0.0,100.26,9
458752,Spam Bot T8,0.2667,95.53,15
458752,castle_defense_p1_v14,0.4769,94.86,65
458752,castle_defense_p1_v16,0.1905,95.95,42
458752,castle_defense_p1_v20,0.1915,96.23,47
458752,castle_defense_p1_v21,0.4815,96.75,54
458752,castle_defense_p1_v22,0.6905,95.64,42
458752,castle_defense_p1_v23,0.45,97.14,40
458752,castle_defense_p1_v25,0.2128,96.68,47
458752,castle_defense_p1_v3,0.25,96.63,48
458752,castle_defense_p1_v4,0.0889,97.73,45
458752,castle_defense_p1_v7,0.0588,96.76,51
573440,Anti-Spam Bot,0.0,94.64,40
573440,Random Dummy,0.5672,94.82,67
573440,Spam Bot T1,0.8047,95.77,128
573440,Spam Bot T2,0.8421,96.79,38
573440,Spam Bot T3,0.625,99.03,16
573440,Spam Bot T4,0.2222,94.5,18
573440,Spam Bot T5,0.0,95.98,17
573440,Spam Bot T6,0.0625,98.23,16
573440,Spam Bot T7,0.0,99.57,10
573440,Spam Bot T8,0.2778,95.17,18
573440,castle_defense_p1_v14,0.4935,94.62,77
573440,castle_defense_p1_v16,0.2321,95.29,56
573440,castle_defense_p1_v20,0.1786,95.77,56
573440,castle_defense_p1_v21,0.4355,96.3,62
573440,castle_defense_p1_v22,0.6897,95.0,58
573440,castle_defense_p1_v23,0.4681,96.57,47
573440,castle_defense_p1_v25,0.2105,96.09,57
573440,castle_defense_p1_v3,0.2222,95.84,63
573440,castle_defense_p1_v4,0.0755,97.06,53
573440,castle_defense_p1_v7,0.0769,96.02,65
688128,Anti-Spam Bot,0.0545,96.98,55
688128,Random Dummy,0.5316,96.09,79
688128,Spam Bot T1,0.8054,96.82,149
688128,Spam Bot T2,0.8372,97.53,43
688128,Spam Bot T3,0.6471,99.28,17
688128,Spam Bot T4,0.1818,96.08,22
688128,Spam Bot T5,0.0,97.06,20
688128,Spam Bot T6,0.0588,98.52,17
688128,Spam Bot T7,0.0,100.41,13
688128,Spam Bot T8,0.3333,96.31,21
688128,castle_defense_p1_v14,0.4886,95.7,88
688128,castle_defense_p1_v16,0.2537,96.59,67
688128,castle_defense_p1_v20,0.2319,97.17,69
688128,castle_defense_p1_v21,0.3919,97.42,74
688128,castle_defense_p1_v22,0.6714,96.41,70
688128,castle_defense_p1_v23,0.4333,98.01,60
688128,castle_defense_p1_v25,0.2254,97.49,71
688128,castle_defense_p1_v3,0.1829,97.55,82
688128,castle_defense_p1_v4,0.0882,98.42,68
688128,castle_defense_p1_v7,0.0674,97.96,89
802816,Anti-Spam Bot,0.0435,97.53,69
802816,Random Dummy,0.5618,96.5,89
802816,Spam Bot T1,0.7898,97.26,176
802816,Spam Bot T2,0.8462,97.91,52
802816,Spam Bot T3,0.6842,99.32,19
802816,Spam Bot T4,0.1481,96.76,27
802816,Spam Bot T5,0.0,97.41,23
802816,Spam Bot T6,0.0952,98.75,21
802816,Spam Bot T7,0.0,100.25,17
802816,Spam Bot T8,0.2917,96.74,24
802816,castle_defense_p1_v14,0.5,96.11,98
802816,castle_defense_p1_v16,0.2267,96.93,75
802816,castle_defense_p1_v20,0.2289,97.6,83
802816,castle_defense_p1_v21,0.3951,97.62,81
802816,castle_defense_p1_v22,0.6782,97.06,87
802816,castle_defense_p1_v23,0.4265,98.21,68
802816,castle_defense_p1_v25,0.2439,97.79,82
802816,castle_defense_p1_v3,0.1739,97.78,92
802816,castle_defense_p1_v4,0.0897,98.58,78
802816,castle_defense_p1_v7,0.0714,98.12,98
917504,Anti-Spam Bot,0.0494,98.09,81
917504,Random Dummy,0.5644,97.07,101
917504,Spam Bot T1,0.7897,97.66,195
917504,Spam Bot T2,0.85,98.36,60
917504,Spam Bot T3,0.6522,99.67,23
917504,Spam Bot T4,0.1429,96.92,28
917504,Spam Bot T5,0.0,98.21,29
917504,Spam Bot T6,0.0909,98.86,22
917504,Spam Bot T7,0.0,100.4,20
917504,Spam Bot T8,0.2692,97.09,26
917504,castle_defense_p1_v14,0.5304,96.87,115
917504,castle_defense_p1_v16,0.2632,97.85,95
917504,castle_defense_p1_v20,0.2174,97.96,92
917504,castle_defense_p1_v21,0.3789,98.16,95
917504,castle_defense_p1_v22,0.7071,97.57,99
917504,castle_defense_p1_v23,0.4416,98.57,77
917504,castle_defense_p1_v25,0.2812,98.3,96
917504,castle_defense_p1_v3,0.1748,98.16,103
917504,castle_defense_p1_v4,0.0729,99.09,96
917504,castle_defense_p1_v7,0.0789,98.57,114
1032192,Anti-Spam Bot,0.0652,97.71,92
1032192,Random Dummy,0.5526,96.82,114
1032192,Spam Bot T1,0.8065,97.38,217
1032192,Spam Bot T2,0.8592,97.82,71
1032192,Spam Bot T3,0.6522,99.67,23
1032192,Spam Bot T4,0.1212,96.61,33
1032192,Spam Bot T5,0.0,98.0,31
1032192,Spam Bot T6,0.0833,98.53,24
1032192,Spam Bot T7,0.0,99.9,22
1032192,Spam Bot T8,0.2759,96.86,29
1032192,castle_defense_p1_v14,0.541,96.76,122
1032192,castle_defense_p1_v16,0.2642,97.54,106
1032192,castle_defense_p1_v20,0.2039,97.63,103
1032192,castle_defense_p1_v21,0.3558,97.88,104
1032192,castle_defense_p1_v22,0.6875,97.26,112
1032192,castle_defense_p1_v23,0.4318,98.11,88
1032192,castle_defense_p1_v25,0.2735,97.69,117
1032192,castle_defense_p1_v3,0.1681,97.87,113
1032192,castle_defense_p1_v4,0.0755,98.7,106
1032192,castle_defense_p1_v7,0.0887,98.27,124
1146880,Anti-Spam Bot,0.0577,98.68,104
1146880,Random Dummy,0.5625,97.84,128
1146880,Spam Bot T1,0.8075,98.18,239
1146880,Spam Bot T2,0.8571,98.47,77
1146880,Spam Bot T3,0.6154,100.41,26
1146880,Spam Bot T4,0.1143,97.16,35
1146880,Spam Bot T5,0.0,98.25,32
1146880,Spam Bot T6,0.1034,99.84,29
1146880,Spam Bot T7,0.0,101.24,28
1146880,Spam Bot T8,0.25,97.73,32
1146880,castle_defense_p1_v14,0.5414,97.54,133
1146880,castle_defense_p1_v16,0.2562,98.61,121
1146880,castle_defense_p1_v20,0.2054,98.32,112
1146880,castle_defense_p1_v21,0.3652,98.67,115
1146880,castle_defense_p1_v22,0.6905,98.25,126
1146880,castle_defense_p1_v23,0.4082,98.93,98
1146880,castle_defense_p1_v25,0.2764,98.1,123
1146880,castle_defense_p1_v3,0.192,98.66,125
1146880,castle_defense_p1_v4,0.075,99.57,120
1146880,castle_defense_p1_v7,0.0833,98.75,132
1261568,Anti-Spam Bot,0.055,98.77,109
1261568,Random Dummy,0.562,98.02,137
1261568,Spam Bot T1,0.8175,98.4,263
1261568,Spam Bot T2,0.8721,98.69,86
1261568,Spam Bot T3,0.6429,100.42,28
1261568,Spam Bot T4,0.122,97.65,41
1261568,Spam Bot T5,0.0,98.39,34
1261568,Spam Bot T6,0.1034,99.84,29
1261568,Spam Bot T7,0.0,101.15,32
1261568,Spam Bot T8,0.25,97.73,32
1261568,castle_defense_p1_v14,0.5411,97.8,146
1261568,castle_defense_p1_v16,0.2615,98.74,130
1261568,castle_defense_p1_v20,0.2266,98.59,128
1261568,castle_defense_p1_v21,0.3692,98.89,130
1261568,castle_defense_p1_v22,0.7007,98.43,137
1261568,castle_defense_p1_v23,0.4,99.11,110
1261568,castle_defense_p1_v25,0.2782,98.29,133
1261568,castle_defense_p1_v3,0.1955,98.78,133
1261568,castle_defense_p1_v4,0.0827,99.66,133
1261568,castle_defense_p1_v7,0.0797,98.83,138
1376256,Anti-Spam Bot,0.0522,99.28,115
1376256,Random Dummy,0.5467,98.94,150
1376256,Spam Bot T1,0.8034,99.51,295
1376256,Spam Bot T2,0.8636,98.92,88
1376256,Spam Bot T3,0.6207,100.71,29
1376256,Spam Bot T4,0.1136,98.4,44
1376256,Spam Bot T5,0.0,99.22,37
1376256,Spam Bot T6,0.0968,100.41,31
1376256,Spam Bot T7,0.0286,101.79,35
1376256,Spam Bot T8,0.2353,98.37,34
1376256,castle_defense_p1_v14,0.5513,98.5,156
1376256,castle_defense_p1_v16,0.2695,99.51,141
1376256,castle_defense_p1_v20,0.2143,99.46,140
1376256,castle_defense_p1_v21,0.3403,99.84,144
1376256,castle_defense_p1_v22,0.6892,99.19,148
1376256,castle_defense_p1_v23,0.4228,100.12,123
1376256,castle_defense_p1_v25,0.2819,99.4,149
1376256,castle_defense_p1_v3,0.1824,99.78,148
1376256,castle_defense_p1_v4,0.0822,100.46,146
1376256,castle_defense_p1_v7,0.1,99.61,150
1490944,Anti-Spam Bot,0.0515,99.84,136
1490944,Random Dummy,0.5432,99.23,162
1490944,Spam Bot T1,0.8094,99.77,320
1490944,Spam Bot T2,0.8737,99.21,95
1490944,Spam Bot T3,0.625,100.91,32
1490944,Spam Bot T4,0.1064,98.69,47
1490944,Spam Bot T5,0.0,99.58,41
1490944,Spam Bot T6,0.1111,100.76,36
1490944,Spam Bot T7,0.027,101.85,37
1490944,Spam Bot T8,0.2571,98.5,35
1490944,castle_defense_p1_v14,0.5562,98.84,169
1490944,castle_defense_p1_v16,0.2645,99.82,155
1490944,castle_defense_p1_v20,0.2288,99.75,153
1490944,castle_defense_p1_v21,0.3247,100.03,154
1490944,castle_defense_p1_v22,0.6855,99.45,159
1490944,castle_defense_p1_v23,0.4275,100.28,131
1490944,castle_defense_p1_v25,0.2848,99.6,158
1490944,castle_defense_p1_v3,0.1728,100.05,162
1490944,castle_defense_p1_v4,0.0833,100.62,156
1490944,castle_defense_p1_v7,0.0949,99.78,158
1605632,Anti-Spam Bot,0.0588,100.16,153
1605632,Random Dummy,0.5322,99.41,171
1605632,Spam Bot T1,0.8081,99.98,344
1605632,Spam Bot T2,0.8776,99.31,98
1605632,Spam Bot T3,0.5366,101.3,41
1605632,Spam Bot T4,0.0962,99.07,52
1605632,Spam Bot T5,0.0,99.79,44
1605632,Spam Bot T6,0.1026,100.9,39
1605632,Spam Bot T7,0.0238,101.95,42
1605632,Spam Bot T8,0.2703,98.73,37
1605632,castle_defense_p1_v14,0.5474,99.26,190
1605632,castle_defense_p1_v16,0.2575,100.02,167
1605632,castle_defense_p1_v20,0.2275,99.99,167
1605632,castle_defense_p1_v21,0.3333,100.16,162
1605632,castle_defense_p1_v22,0.6857,99.74,175
1605632,castle_defense_p1_v23,0.415,100.55,147
1605632,castle_defense_p1_v25,0.2759,99.88,174
1605632,castle_defense_p1_v3,0.1932,100.26,176
1605632,castle_defense_p1_v4,0.0888,100.78,169
1605632,castle_defense_p1_v7,0.1006,99.97,169
1720320,Anti-Spam Bot,0.0533,98.15,169
1720320,Random Dummy,0.5389,98.39,180
1720320,Spam Bot T1,0.812,98.66,367
1720320,Spam Bot T2,0.8762,97.96,105
1720320,Spam Bot T3,0.5227,99.78,44
1720320,Spam Bot T4,0.0943,98.69,53
1720320,Spam Bot T5,0.0,98.88,46
1720320,Spam Bot T6,0.1,100.36,40
1720320,Spam Bot T7,0.0233,101.42,43
1720320,Spam Bot T8,0.2857,96.38,42
1720320,castle_defense_p1_v14,0.5441,97.87,204
1720320,castle_defense_p1_v16,0.2556,98.5,180
1720320,castle_defense_p1_v20,0.2404,98.15,183
1720320,castle_defense_p1_v21,0.3216,99.05,171
1720320,castle_defense_p1_v22,0.6831,98.83,183
1720320,castle_defense_p1_v23,0.4136,98.55,162
1720320,castle_defense_p1_v25,0.291,98.22,189
1720320,castle_defense_p1_v3,0.1979,98.48,192
1720320,castle_defense_p1_v4,0.087,99.0,184
1720320,castle_defense_p1_v7,0.1099,98.47,182
1835008,Anti-Spam Bot,0.05,98.7,180
1835008,Random Dummy,0.5397,98.81,189
1835008,Spam Bot T1,0.8184,99.18,391
1835008,Spam Bot T2,0.8716,98.29,109
1835008,Spam Bot T3,0.5102,100.53,49
1835008,Spam Bot T4,0.0877,99.29,57
1835008,Spam Bot T5,0.0,99.06,47
1835008,Spam Bot T6,0.093,100.83,43
1835008,Spam Bot T7,0.0233,101.42,43
1835008,Spam Bot T8,0.2889,97.09,45
1835008,castle_defense_p1_v14,0.5399,98.26,213
1835008,castle_defense_p1_v16,0.2704,99.21,196
1835008,castle_defense_p1_v20,0.2488,98.96,201
1835008,castle_defense_p1_v21,0.3167,99.45,180
1835008,castle_defense_p1_v22,0.6702,99.18,191
1835008,castle_defense_p1_v23,0.4171,99.19,175
1835008,castle_defense_p1_v25,0.2835,98.45,194
1835008,castle_defense_p1_v3,0.1891,98.87,201
1835008,castle_defense_p1_v4,0.09,99.65,200
1835008,castle_defense_p1_v7,0.1042,98.92,192
1949696,Anti-Spam Bot,0.0471,98.69,191
1949696,Random Dummy,0.535,98.8,200
1949696,Spam Bot T1,0.8171,99.15,410
1949696,Spam Bot T2,0.8707,98.31,116
1949696,Spam Bot T3,0.52,100.49,50
1949696,Spam Bot T4,0.0862,99.27,58
1949696,Spam Bot T5,0.0,99.05,48
1949696,Spam Bot T6,0.1064,100.64,47
1949696,Spam Bot T7,0.0217,101.23,46
1949696,Spam Bot T8,0.2766,97.16,47
1949696,castle_defense_p1_v14,0.5354,98.28,226
1949696,castle_defense_p1_v16,0.2644,99.17,208
1949696,castle_defense_p1_v20,0.2358,98.94,212
1949696,castle_defense_p1_v21,0.3175,99.41,189
1949696,castle_defense_p1_v22,0.6683,99.15,202
1949696,castle_defense_p1_v23,0.4121,99.16,182
1949696,castle_defense_p1_v25,0.28,98.45,200
1949696,castle_defense_p1_v3,0.1907,98.85,215
1949696,castle_defense_p1_v4,0.0884,99.57,215
1949696,castle_defense_p1_v7,0.1045,98.9,201
2064384,Anti-Spam Bot,0.049,99.34,204
2064384,Random Dummy,0.5399,99.41,213
2064384,Spam Bot T1,0.8165,99.73,436
2064384,Spam Bot T2,0.8739,98.58,119
2064384,Spam Bot T3,0.5098,100.65,51
2064384,Spam Bot T4,0.0862,99.27,58
2064384,Spam Bot T5,0.0,99.63,51
2064384,Spam Bot T6,0.102,100.98,49
2064384,Spam Bot T7,0.0213,101.4,47
2064384,Spam Bot T8,0.28,97.86,50
2064384,castle_defense_p1_v14,0.5234,98.69,235
2064384,castle_defense_p1_v16,0.2535,99.57,217
2064384,castle_defense_p1_v20,0.2308,99.35,221
2064384,castle_defense_p1_v21,0.3299,99.8,197
2064384,castle_defense_p1_v22,0.6761,99.65,213
2064384,castle_defense_p1_v23,0.4053,99.57,190
2064384,castle_defense_p1_v25,0.2823,98.9,209
2064384,castle_defense_p1_v3,0.1858,99.34,226
2064384,castle_defense_p1_v4,0.0837,100.07,227
2064384,castle_defense_p1_v7,0.1028,99.51,214
2179072,Anti-Spam Bot,0.0514,99.35,214
2179072,Random Dummy,0.5328,99.42,229
2179072,Spam Bot T1,0.8099,99.72,463
2179072,Spam Bot T2,0.876,98.65,129
2179072,Spam Bot T3,0.5283,100.61,53
2179072,Spam Bot T4,0.082,99.29,61
2179072,Spam Bot T5,0.0,99.62,53
2179072,Spam Bot T6,0.0926,100.84,54
2179072,Spam Bot T7,0.0208,101.36,48
2179072,Spam Bot T8,0.2642,97.96,53
2179072,castle_defense_p1_v14,0.5306,98.72,245
2179072,castle_defense_p1_v16,0.2544,99.57,228
2179072,castle_defense_p1_v20,0.2203,99.36,236
2179072,castle_defense_p1_v21,0.3317,99.79,205
2179072,castle_defense_p1_v22,0.6828,99.64,227
2179072,castle_defense_p1_v23,0.403,99.57,201
2179072,castle_defense_p1_v25,0.2883,98.94,222
2179072,castle_defense_p1_v3,0.1933,99.35,238
2179072,castle_defense_p1_v4,0.0833,100.04,240
2179072,castle_defense_p1_v7,0.094,99.51,234
2293760,Anti-Spam Bot,0.0533,99.66,225
2293760,Random Dummy,0.5347,99.83,245
2293760,Spam Bot T1,0.8112,99.96,482
2293760,Spam Bot T2,0.8815,98.97,135
2293760,Spam Bot T3,0.5357,100.89,56
2293760,Spam Bot T4,0.0952,99.49,63
2293760,Spam Bot T5,0.0,99.95,56
2293760,Spam Bot T6,0.0926,100.84,54
2293760,Spam Bot T7,0.0208,101.36,48
2293760,Spam Bot T8,0.2545,98.24,55
2293760,castle_defense_p1_v14,0.529,99.1,259
2293760,castle_defense_p1_v16,0.2563,99.83,238
2293760,castle_defense_p1_v20,0.2195,99.62,246
2293760,castle_defense_p1_v21,0.3318,100.04,214
2293760,castle_defense_p1_v22,0.6864,99.88,236
2293760,castle_defense_p1_v23,0.3972,99.94,214
2293760,castle_defense_p1_v25,0.3043,99.18,230
2293760,castle_defense_p1_v3,0.1943,99.58,247
2293760,castle_defense_p1_v4,0.0866,100.35,254
2293760,castle_defense_p1_v7,0.0931,99.84,247
2408448,Anti-Spam Bot,0.0546,99.59,238
2408448,Random Dummy,0.5212,99.75,259
2408448,Spam Bot T1,0.81,99.81,500
2408448,Spam Bot T2,0.8857,98.95,140
2408448,Spam Bot T3,0.5345,100.8,58
2408448,Spam Bot T4,0.1014,99.39,69
2408448,Spam Bot T5,0.0159,99.78,63
2408448,Spam Bot T6,0.0847,100.63,59
2408448,Spam Bot T7,0.02,101.24,50
2408448,Spam Bot T8,0.2586,98.24,58
2408448,castle_defense_p1_v14,0.5184,99.06,272
2408448,castle_defense_p1_v16,0.2638,99.74,254
2408448,castle_defense_p1_v20,0.2132,99.56,258
2408448,castle_defense_p1_v21,0.3244,99.95,225
2408448,castle_defense_p1_v22,0.696,99.79,250
2408448,castle_defense_p1_v23,0.4079,99.85,228
2408448,castle_defense_p1_v25,0.3086,99.13,243
2408448,castle_defense_p1_v3,0.1907,99.53,257
2408448,castle_defense_p1_v4,0.0902,100.26,266
2408448,castle_defense_p1_v7,0.0974,99.73,267
2523136,Anti-Spam Bot,0.0558,98.92,251
2523136,Random Dummy,0.5311,99.08,273
2523136,Spam Bot T1,0.806,99.48,500
2523136,Spam Bot T2,0.8867,98.13,150
2523136,Spam Bot T3,0.5082,100.1,61
2523136,Spam Bot T4,0.1096,98.7,73
2523136,Spam Bot T5,0.0145,98.63,69
2523136,Spam Bot T6,0.0806,99.96,62
2523136,Spam Bot T7,0.0189,100.41,53
2523136,Spam Bot T8,0.2459,97.67,61
2523136,castle_defense_p1_v14,0.528,98.46,286
2523136,castle_defense_p1_v16,0.2602,99.01,269
2523136,castle_defense_p1_v20,0.2109,98.76,275
2523136,castle_defense_p1_v21,0.3333,99.28,237
2523136,castle_defense_p1_v22,0.7019,99.05,265
2523136,castle_defense_p1_v23,0.4065,98.88,246
2523136,castle_defense_p1_v25,0.3191,98.45,257
2523136,castle_defense_p1_v3,0.1903,99.01,268
2523136,castle_defense_p1_v4,0.0873,99.82,275
2523136,castle_defense_p1_v7,0.0993,99.03,282
2637824,Anti-Spam Bot,0.0536,98.83,261
2637824,Random Dummy,0.53,98.99,283
2637824,Spam Bot T1,0.798,99.7,500
2637824,Spam Bot T2,0.8831,98.08,154
2637824,Spam Bot T3,0.4921,99.99,63
2637824,Spam Bot T4,0.12,98.64,75
2637824,Spam Bot T5,0.0274,98.52,73
2637824,Spam Bot T6,0.0781,99.85,64
2637824,Spam Bot T7,0.0345,100.08,58
2637824,Spam Bot T8,0.2537,97.57,67
2637824,castle_defense_p1_v14,0.5182,98.35,303
2637824,castle_defense_p1_v16,0.2509,98.89,283
2637824,castle_defense_p1_v20,0.2048,98.62,293
2637824,castle_defense_p1_v21,0.3294,99.12,252
2637824,castle_defense_p1_v22,0.6942,98.93,278
2637824,castle_defense_p1_v23,0.41,98.75,261
2637824,castle_defense_p1_v25,0.3077,98.34,273
2637824,castle_defense_p1_v3,0.19,98.91,279
2637824,castle_defense_p1_v4,0.0871,99.68,287
2637824,castle_defense_p1_v7,0.097,98.89,299
2752512,Anti-Spam Bot,0.0556,98.96,270
2752512,Random Dummy,0.5294,99.07,289
2752512,Spam Bot T1,0.804,99.82,500
2752512,Spam Bot T2,0.8797,98.2,158
2752512,Spam Bot T3,0.4844,100.03,64
2752512,Spam Bot T4,0.1184,98.69,76
2752512,Spam Bot T5,0.026,98.73,77
2752512,Spam Bot T6,0.0769,99.89,65
2752512,Spam Bot T7,0.0328,100.2,61
2752512,Spam Bot T8,0.2464,97.72,69
2752512,castle_defense_p1_v14,0.5223,98.5,314
2752512,castle_defense_p1_v16,0.2551,99.03,294
2752512,castle_defense_p1_v20,0.2006,98.83,309
2752512,castle_defense_p1_v21,0.327,99.26,263
2752512,castle_defense_p1_v22,0.6986,99.11,292
2752512,castle_defense_p1_v23,0.3986,98.96,276
2752512,castle_defense_p1_v25,0.3066,98.55,287
2752512,castle_defense_p1_v3,0.1862,99.05,290
2752512,castle_defense_p1_v4,0.0833,99.81,300
2752512,castle_defense_p1_v7,0.1003,99.01,309
2867200,Anti-Spam Bot,0.0603,99.61,282
2867200,Random Dummy,0.5318,99.58,299
2867200,Spam Bot T1,0.812,100.86,500
2867200,Spam Bot T2,0.8667,98.88,165
2867200,Spam Bot T3,0.4853,100.87,68
2867200,Spam Bot T4,0.1184,98.69,76
2867200,Spam Bot T5,0.037,99.5,81
2867200,Spam Bot T6,0.0758,100.11,66
2867200,Spam Bot T7,0.0308,101.07,65
2867200,Spam Bot T8,0.2394,98.19,71
2867200,castle_defense_p1_v14,0.52,99.03,325
2867200,castle_defense_p1_v16,0.2525,99.38,301
2867200,castle_defense_p1_v20,0.1994,99.41,321
2867200,castle_defense_p1_v21,0.3271,99.6,269
2867200,castle_defense_p1_v22,0.7013,99.41,298
2867200,castle_defense_p1_v23,0.3944,99.39,284
2867200,castle_defense_p1_v25,0.3023,99.28,301
2867200,castle_defense_p1_v3,0.1894,99.61,301
2867200,castle_defense_p1_v4,0.0863,100.41,313
2867200,castle_defense_p1_v7,0.1006,99.45,318
2981888,Anti-Spam Bot,0.0619,99.5,291
2981888,Random Dummy,0.5307,99.46,309
2981888,Spam Bot T1,0.816,100.97,500
2981888,Spam Bot T2,0.8671,98.75,173
2981888,Spam Bot T3,0.4932,100.54,73
2981888,Spam Bot T4,0.1184,98.69,76
2981888,Spam Bot T5,0.0357,99.38,84
2981888,Spam Bot T6,0.0714,99.88,70
2981888,Spam Bot T7,0.0303,101.0,66
2981888,Spam Bot T8,0.2432,98.1,74
2981888,castle_defense_p1_v14,0.5147,98.9,340
2981888,castle_defense_p1_v16,0.2556,99.25,313
2981888,castle_defense_p1_v20,0.203,99.32,330
2981888,castle_defense_p1_v21,0.3214,99.46,280
2981888,castle_defense_p1_v22,0.7045,99.31,308
2981888,castle_defense_p1_v23,0.3926,99.23,298
2981888,castle_defense_p1_v25,0.2907,99.16,313
2981888,castle_defense_p1_v3,0.1869,99.56,305
2981888,castle_defense_p1_v4,0.0826,100.22,327
2981888,castle_defense_p1_v7,0.0958,99.28,334
3096576,Anti-Spam Bot,0.0695,99.82,302
3096576,Random Dummy,0.5298,99.74,319
3096576,Spam Bot T1,0.83,101.42,500
3096576,Spam Bot T2,0.871,99.42,186
3096576,Spam Bot T3,0.4805,100.94,77
3096576,Spam Bot T4,0.1341,99.4,82
3096576,Spam Bot T5,0.0345,99.69,87
3096576,Spam Bot T6,0.0667,100.44,75
3096576,Spam Bot T7,0.0294,101.21,68
3096576,Spam Bot T8,0.2597,98.5,77
3096576,castle_defense_p1_v14,0.5127,99.25,353
3096576,castle_defense_p1_v16,0.253,99.67,328
3096576,castle_defense_p1_v20,0.2094,99.56,339
3096576,castle_defense_p1_v21,0.3232,99.97,297
3096576,castle_defense_p1_v22,0.6957,99.7,322
3096576,castle_defense_p1_v23,0.3954,99.47,306
3096576,castle_defense_p1_v25,0.2862,99.5,325
3096576,castle_defense_p1_v3,0.1899,99.87,316
3096576,castle_defense_p1_v4,0.0836,100.42,335
3096576,castle_defense_p1_v7,0.0971,99.69,350
3211264,Anti-Spam Bot,0.0671,99.29,313
3211264,Random Dummy,0.5292,99.46,325
3211264,Spam Bot T1,0.842,100.49,500
3211264,Spam Bot T2,0.8744,98.46,199
3211264,Spam Bot T3,0.4815,100.14,81
3211264,Spam Bot T4,0.131,99.05,84
3211264,Spam Bot T5,0.0341,99.52,88
3211264,Spam Bot T6,0.0658,100.23,76
3211264,Spam Bot T7,0.0286,100.74,70
3211264,Spam Bot T8,0.2532,98.15,79
3211264,castle_defense_p1_v14,0.5082,98.65,368
3211264,castle_defense_p1_v16,0.2515,99.05,342
3211264,castle_defense_p1_v20,0.2194,99.05,351
3211264,castle_defense_p1_v21,0.3247,99.42,308
3211264,castle_defense_p1_v22,0.6962,98.94,339
3211264,castle_defense_p1_v23,0.3956,98.78,321
3211264,castle_defense_p1_v25,0.2849,98.97,337
3211264,castle_defense_p1_v3,0.1902,99.4,326
3211264,castle_defense_p1_v4,0.0816,100.05,343
3211264,castle_defense_p1_v7,0.095,99.36,358
3325952,Anti-Spam Bot,0.0659,99.69,334
3325952,Random Dummy,0.5341,99.68,337
3325952,Spam Bot T1,0.836,100.8,500
3325952,Spam Bot T2,0.8786,98.7,206
3325952,Spam Bot T3,0.4815,100.14,81
3325952,Spam Bot T4,0.1294,99.12,85
3325952,Spam Bot T5,0.0435,99.78,92
3325952,Spam Bot T6,0.0617,100.57,81
3325952,Spam Bot T7,0.0274,100.94,73
3325952,Spam Bot T8,0.2439,98.42,82
3325952,castle_defense_p1_v14,0.5106,98.84,378
3325952,castle_defense_p1_v16,0.2528,99.24,352
3325952,castle_defense_p1_v20,0.2213,99.32,366
3325952,castle_defense_p1_v21,0.3281,99.6,317
3325952,castle_defense_p1_v22,0.6856,99.21,353
3325952,castle_defense_p1_v23,0.394,99.06,335
3325952,castle_defense_p1_v25,0.2902,99.18,348
3325952,castle_defense_p1_v3,0.1905,99.58,336
3325952,castle_defense_p1_v4,0.0847,100.22,354
3325952,castle_defense_p1_v7,0.0992,99.61,373
3440640,Anti-Spam Bot,0.0641,99.67,343
3440640,Random Dummy,0.5312,99.65,352
3440640,Spam Bot T1,0.832,100.69,500
3440640,Spam Bot T2,0.8791,98.71,215
3440640,Spam Bot T3,0.5,100.08,86
3440640,Spam Bot T4,0.125,99.12,88
3440640,Spam Bot T5,0.0412,99.74,97
3440640,Spam Bot T6,0.0602,100.53,83
3440640,Spam Bot T7,0.0405,100.91,74
3440640,Spam Bot T8,0.2471,98.44,85
3440640,castle_defense_p1_v14,0.509,98.84,391
3440640,castle_defense_p1_v16,0.2602,99.23,369
3440640,castle_defense_p1_v20,0.2225,99.31,373
3440640,castle_defense_p1_v21,0.3293,99.57,331
3440640,castle_defense_p1_v22,0.6814,99.2,361
3440640,castle_defense_p1_v23,0.3866,99.06,344
3440640,castle_defense_p1_v25,0.2923,99.17,366
3440640,castle_defense_p1_v3,0.1879,99.57,346
3440640,castle_defense_p1_v4,0.0854,100.19,363
3440640,castle_defense_p1_v7,0.0987,99.59,385
3555328,Anti-Spam Bot,0.067,99.8,358
3555328,Random Dummy,0.5408,99.79,368
3555328,Spam Bot T1,0.824,100.7,500
3555328,Spam Bot T2,0.8796,98.73,216
3555328,Spam Bot T3,0.4944,100.17,89
3555328,Spam Bot T4,0.129,99.32,93
3555328,Spam Bot T5,0.0408,99.78,98
3555328,Spam Bot T6,0.0568,100.66,88
3555328,Spam Bot T7,0.039,100.99,77
3555328,Spam Bot T8,0.2697,98.64,89
3555328,castle_defense_p1_v14,0.5136,98.96,403
3555328,castle_defense_p1_v16,0.2665,99.33,379
3555328,castle_defense_p1_v20,0.228,99.43,386
3555328,castle_defense_p1_v21,0.3304,99.68,342
3555328,castle_defense_p1_v22,0.6746,99.37,378
3555328,castle_defense_p1_v23,0.3842,99.17,354
3555328,castle_defense_p1_v25,0.2907,99.26,375
3555328,castle_defense_p1_v3,0.1816,99.68,358
3555328,castle_defense_p1_v4,0.0809,100.33,383
3555328,castle_defense_p1_v7,0.101,99.76,406
3670016,Anti-Spam Bot,0.0691,99.82,362
3670016,Random Dummy,0.5443,99.84,384
3670016,Spam Bot T1,0.826,100.54,500
3670016,Spam Bot T2,0.8813,98.76,219
3670016,Spam Bot T3,0.4889,100.18,90
3670016,Spam Bot T4,0.125,99.37,96
3670016,Spam Bot T5,0.0396,99.81,101
3670016,Spam Bot T6,0.0549,100.67,91
3670016,Spam Bot T7,0.0385,100.99,78
3670016,Spam Bot T8,0.2688,98.74,93
3670016,castle_defense_p1_v14,0.5085,99.0,411
3670016,castle_defense_p1_v16,0.2608,99.39,395
3670016,castle_defense_p1_v20,0.2289,99.49,402
3670016,castle_defense_p1_v21,0.3268,99.72,355
3670016,castle_defense_p1_v22,0.6786,99.42,392
3670016,castle_defense_p1_v23,0.3819,99.22,364
3670016,castle_defense_p1_v25,0.2905,99.32,389
3670016,castle_defense_p1_v3,0.1818,99.73,374
3670016,castle_defense_p1_v4,0.0779,100.35,398
3670016,castle_defense_p1_v7,0.0995,99.8,422
3784704,Anti-Spam Bot,0.067,99.6,373
3784704,Random Dummy,0.5459,99.69,392
3784704,Spam Bot T1,0.832,99.84,500
3784704,Spam Bot T2,0.8811,98.54,227
3784704,Spam Bot T3,0.5,99.85,94
3784704,Spam Bot T4,0.1176,98.97,102
3784704,Spam Bot T5,0.0392,99.74,102
3784704,Spam Bot T6,0.0532,100.41,94
3784704,Spam Bot T7,0.0375,100.78,80
3784704,Spam Bot T8,0.2653,98.42,98
3784704,castle_defense_p1_v14,0.507,98.74,428
3784704,castle_defense_p1_v16,0.2556,99.25,403
3784704,castle_defense_p1_v20,0.2257,99.32,412
3784704,castle_defense_p1_v21,0.3297,99.43,370
3784704,castle_defense_p1_v22,0.6699,99.13,409
3784704,castle_defense_p1_v23,0.3877,99.04,374
3784704,castle_defense_p1_v25,0.2932,99.15,399
3784704,castle_defense_p1_v3,0.1809,99.49,387
3784704,castle_defense_p1_v4,0.0749,100.05,414
3784704,castle_defense_p1_v7,0.1021,99.65,431
3899392,Anti-Spam Bot,0.0656,99.53,381
3899392,Random Dummy,0.5434,99.6,403
3899392,Spam Bot T1,0.836,99.4,500
3899392,Spam Bot T2,0.8798,98.49,233
3899392,Spam Bot T3,0.4898,99.71,98
3899392,Spam Bot T4,0.1165,98.94,103
3899392,Spam Bot T5,0.0381,99.64,105
3899392,Spam Bot T6,0.0612,100.24,98
3899392,Spam Bot T7,0.0366,100.67,82
3899392,Spam Bot T8,0.2571,98.28,105
3899392,castle_defense_p1_v14,0.5091,98.68,440
3899392,castle_defense_p1_v16,0.2627,99.17,415
3899392,castle_defense_p1_v20,0.2222,99.24,423
3899392,castle_defense_p1_v21,0.3333,99.32,384
3899392,castle_defense_p1_v22,0.6762,99.06,420
3899392,castle_defense_p1_v23,0.3846,98.93,390
3899392,castle_defense_p1_v25,0.2947,99.05,414
3899392,castle_defense_p1_v3,0.1823,99.42,395
3899392,castle_defense_p1_v4,0.0731,99.96,424
3899392,castle_defense_p1_v7,0.1054,99.54,446
4014080,Anti-Spam Bot,0.0652,99.37,399
4014080,Random Dummy,0.5483,99.5,414
4014080,Spam Bot T1,0.838,99.72,500
4014080,Spam Bot T2,0.8833,98.41,240
4014080,Spam Bot T3,0.4949,99.67,99
4014080,Spam Bot T4,0.1193,98.78,109
4014080,Spam Bot T5,0.0377,99.61,106
4014080,Spam Bot T6,0.0588,100.08,102
4014080,Spam Bot T7,0.0357,100.56,84
4014080,Spam Bot T8,0.2571,98.28,105
4014080,castle_defense_p1_v14,0.5133,98.61,452
4014080,castle_defense_p1_v16,0.2617,99.07,428
4014080,castle_defense_p1_v20,0.2207,99.15,435
4014080,castle_defense_p1_v21,0.3316,99.27,389
4014080,castle_defense_p1_v22,0.6706,99.03,425
4014080,castle_defense_p1_v23,0.3871,98.83,403
4014080,castle_defense_p1_v25,0.2927,98.95,427
4014080,castle_defense_p1_v3,0.1768,99.28,413
4014080,castle_defense_p1_v4,0.0706,99.83,439
4014080,castle_defense_p1_v7,0.1035,99.48,454
4128768,Anti-Spam Bot,0.0683,99.45,410
4128768,Random Dummy,0.5386,99.59,427
4128768,Spam Bot T1,0.84,99.95,500
4128768,Spam Bot T2,0.8852,98.48,244
4128768,Spam Bot T3,0.5143,99.82,105
4128768,Spam Bot T4,0.125,98.87,112
4128768,Spam Bot T5,0.0374,99.63,107
4128768,Spam Bot T6,0.0583,100.1,103
4128768,Spam Bot T7,0.0357,100.56,84
4128768,Spam Bot T8,0.25,98.39,108
4128768,castle_defense_p1_v14,0.5152,98.69,462
4128768,castle_defense_p1_v16,0.2609,99.14,437
4128768,castle_defense_p1_v20,0.2185,99.22,444
4128768,castle_defense_p1_v21,0.3325,99.36,400
4128768,castle_defense_p1_v22,0.6751,99.11,437
4128768,castle_defense_p1_v23,0.387,98.94,416
4128768,castle_defense_p1_v25,0.2959,99.02,436
4128768,castle_defense_p1_v3,0.1733,99.37,427
4128768,castle_defense_p1_v4,0.0708,99.9,452
4128768,castle_defense_p1_v7,0.1032,99.54,465
4243456,Anti-Spam Bot,0.0698,99.68,430
4243456,Random Dummy,0.5465,99.74,441
4243456,Spam Bot T1,0.834,99.98,500
4243456,Spam Bot T2,0.8835,98.6,249
4243456,Spam Bot T3,0.5046,99.99,109
4243456,Spam Bot T4,0.1327,98.92,113
4243456,Spam Bot T5,0.0357,99.84,112
4243456,Spam Bot T6,0.0566,100.22,106
4243456,Spam Bot T7,0.0353,100.6,85
4243456,Spam Bot T8,0.2373,98.9,118
4243456,castle_defense_p1_v14,0.5169,98.81,472
4243456,castle_defense_p1_v16,0.255,99.26,447
4243456,castle_defense_p1_v20,0.2181,99.33,454
4243456,castle_defense_p1_v21,0.3309,99.46,408
4243456,castle_defense_p1_v22,0.6742,99.21,445
4243456,castle_defense_p1_v23,0.3877,99.03,423
4243456,castle_defense_p1_v25,0.2965,99.21,452
4243456,castle_defense_p1_v3,0.1727,99.52,440
4243456,castle_defense_p1_v4,0.0694,99.98,461
4243456,castle_defense_p1_v7,0.1023,99.69,479
4358144,Anti-Spam Bot,0.0724,100.4,442
4358144,Random Dummy,0.5427,100.66,457
4358144,Spam Bot T1,0.832,100.68,500
4358144,Spam Bot T2,0.8735,99.03,253
4358144,Spam Bot T3,0.5135,100.46,111
4358144,Spam Bot T4,0.1282,99.85,117
4358144,Spam Bot T5,0.0357,99.84,112
4358144,Spam Bot T6,0.0561,100.46,107
4358144,Spam Bot T7,0.0349,100.9,86
4358144,Spam Bot T8,0.2314,99.57,121
4358144,castle_defense_p1_v14,0.5145,99.48,484
4358144,castle_defense_p1_v16,0.2549,99.96,459
4358144,castle_defense_p1_v20,0.2191,99.74,461
4358144,castle_defense_p1_v21,0.3293,99.97,416
4358144,castle_defense_p1_v22,0.6754,99.86,456
4358144,castle_defense_p1_v23,0.3973,99.96,438
4358144,castle_defense_p1_v25,0.2976,99.51,457
4358144,castle_defense_p1_v3,0.1788,100.28,453
4358144,castle_defense_p1_v4,0.0731,100.97,479
4358144,castle_defense_p1_v7,0.103,100.54,495
4472832,Anti-Spam Bot,0.0714,100.41,448
4472832,Random Dummy,0.5441,100.67,465
4472832,Spam Bot T1,0.838,100.32,500
4472832,Spam Bot T2,0.8764,99.08,259
4472832,Spam Bot T3,0.5263,100.48,114
4472832,Spam Bot T4,0.1301,99.92,123
4472832,Spam Bot T5,0.0357,99.84,112
4472832,Spam Bot T6,0.0561,100.46,107
4472832,Spam Bot T7,0.0349,100.9,86
4472832,Spam Bot T8,0.2314,99.57,121
4472832,castle_defense_p1_v14,0.516,99.54,500
4472832,castle_defense_p1_v16,0.2521,100.0,472
4472832,castle_defense_p1_v20,0.2196,99.76,469
4472832,castle_defense_p1_v21,0.3255,99.99,424
4472832,castle_defense_p1_v22,0.6781,99.89,466
4472832,castle_defense_p1_v23,0.4004,100.01,457
4472832,castle_defense_p1_v25,0.3015,99.56,471
4472832,castle_defense_p1_v3,0.1763,100.31,465
4472832,castle_defense_p1_v4,0.0741,100.97,486
4472832,castle_defense_p1_v7,0.104,100.51,500
4587520,Anti-Spam Bot,0.0741,100.51,459
4587520,Random Dummy,0.5449,100.7,468
4587520,Spam Bot T1,0.834,100.52,500
4587520,Spam Bot T2,0.8773,99.29,269
4587520,Spam Bot T3,0.5172,100.55,116
4587520,Spam Bot T4,0.1429,100.03,126
4587520,Spam Bot T5,0.0342,100.04,117
4587520,Spam Bot T6,0.0556,100.5,108
4587520,Spam Bot T7,0.0345,100.94,87
4587520,Spam Bot T8,0.232,99.73,125
4587520,castle_defense_p1_v14,0.52,99.56,500
4587520,castle_defense_p1_v16,0.2474,100.08,481
4587520,castle_defense_p1_v20,0.2215,99.9,483
4587520,castle_defense_p1_v21,0.3287,100.08,432
4587520,castle_defense_p1_v22,0.6786,99.96,473
4587520,castle_defense_p1_v23,0.4017,100.17,473
4587520,castle_defense_p1_v25,0.3056,99.66,481
4587520,castle_defense_p1_v3,0.1792,100.44,480
4587520,castle_defense_p1_v4,0.072,101.07,500
4587520,castle_defense_p1_v7,0.104,100.63,500
4702208,Anti-Spam Bot,0.0725,100.28,469
4702208,Random Dummy,0.5428,100.44,479
4702208,Spam Bot T1,0.842,99.83,500
4702208,Spam Bot T2,0.8696,99.04,276
4702208,Spam Bot T3,0.5085,100.36,118
4702208,Spam Bot T4,0.1484,99.87,128
4702208,Spam Bot T5,0.0333,99.78,120
4702208,Spam Bot T6,0.0541,100.21,111
4702208,Spam Bot T7,0.0326,100.33,92
4702208,Spam Bot T8,0.2326,99.42,129
4702208,castle_defense_p1_v14,0.516,99.47,500
4702208,castle_defense_p1_v16,0.2464,99.87,491
4702208,castle_defense_p1_v20,0.2204,99.76,490
4702208,castle_defense_p1_v21,0.3318,99.89,440
4702208,castle_defense_p1_v22,0.6811,99.68,486
4702208,castle_defense_p1_v23,0.4012,99.99,481
4702208,castle_defense_p1_v25,0.3096,99.46,491
4702208,castle_defense_p1_v3,0.1766,100.29,487
4702208,castle_defense_p1_v4,0.066,100.83,500
4702208,castle_defense_p1_v7,0.106,100.67,500
4816896,Anti-Spam Bot,0.0708,99.93,480
4816896,Random Dummy,0.5393,100.28,484
4816896,Spam Bot T1,0.836,99.59,500
4816896,Spam Bot T2,0.8711,98.51,287
4816896,Spam Bot T3,0.5041,99.99,121
4816896,Spam Bot T4,0.1462,99.64,130
4816896,Spam Bot T5,0.0328,99.54,122
4816896,Spam Bot T6,0.0522,99.68,115
4816896,Spam Bot T7,0.0319,100.0,94
4816896,Spam Bot T8,0.2239,98.89,134
4816896,castle_defense_p1_v14,0.52,99.43,500
4816896,castle_defense_p1_v16,0.244,99.6,500
4816896,castle_defense_p1_v20,0.226,99.17,500
4816896,castle_defense_p1_v21,0.3326,99.25,460
4816896,castle_defense_p1_v22,0.684,99.2,500
4816896,castle_defense_p1_v23,0.4012,99.69,491
4816896,castle_defense_p1_v25,0.312,99.17,500
4816896,castle_defense_p1_v3,0.1767,99.95,498
4816896,castle_defense_p1_v4,0.064,100.7,500
4816896,castle_defense_p1_v7,0.11,100.28,500
4931584,Anti-Spam Bot,0.0685,99.97,496
4931584,Random Dummy,0.5396,100.3,493
4931584,Spam Bot T1,0.85,99.97,500
4931584,Spam Bot T2,0.8707,98.57,294
4931584,Spam Bot T3,0.5081,100.02,124
4931584,Spam Bot T4,0.1439,99.67,132
4931584,Spam Bot T5,0.0323,99.57,124
4931584,Spam Bot T6,0.0513,99.71,117
4931584,Spam Bot T7,0.0291,100.11,103
4931584,Spam Bot T8,0.2222,98.9,135
4931584,castle_defense_p1_v14,0.526,99.44,500
4931584,castle_defense_p1_v16,0.244,99.56,500
4931584,castle_defense_p1_v20,0.222,99.56,500
4931584,castle_defense_p1_v21,0.3312,99.27,465
4931584,castle_defense_p1_v22,0.684,99.38,500
4931584,castle_defense_p1_v23,0.408,99.68,500
4931584,castle_defense_p1_v25,0.318,99.13,500
4931584,castle_defense_p1_v3,0.17,99.92,500
4931584,castle_defense_p1_v4,0.066,100.79,500
4931584,castle_defense_p1_v7,0.108,100.37,500
5046272,Anti-Spam Bot,0.068,99.77,500
5046272,Random Dummy,0.54,100.2,500
5046272,Spam Bot T1,0.85,99.48,500
5046272,Spam Bot T2,0.8675,98.43,302
5046272,Spam Bot T3,0.5079,99.91,126
5046272,Spam Bot T4,0.1522,99.38,138
5046272,Spam Bot T5,0.0308,99.28,130
5046272,Spam Bot T6,0.05,99.54,120
5046272,Spam Bot T7,0.0283,99.91,106
5046272,Spam Bot T8,0.2206,98.86,136
5046272,castle_defense_p1_v14,0.526,99.38,500
5046272,castle_defense_p1_v16,0.25,99.71,500
5046272,castle_defense_p1_v20,0.224,99.41,500
5046272,castle_defense_p1_v21,0.3299,99.09,479
5046272,castle_defense_p1_v22,0.68,99.47,500
5046272,castle_defense_p1_v23,0.414,99.71,500
5046272,castle_defense_p1_v25,0.32,99.24,500
5046272,castle_defense_p1_v3,0.174,100.06,500
5046272,castle_defense_p1_v4,0.068,100.63,500
5046272,castle_defense_p1_v7,0.108,100.37,500
5160960,Anti-Spam Bot,0.07,100.07,500
5160960,Random Dummy,0.54,100.15,500
5160960,Spam Bot T1,0.846,98.76,500
5160960,Spam Bot T2,0.8682,98.39,311
5160960,Spam Bot T3,0.5039,99.84,129
5160960,Spam Bot T4,0.1538,99.31,143
5160960,Spam Bot T5,0.0305,99.26,131
5160960,Spam Bot T6,0.0488,99.49,123
5160960,Spam Bot T7,0.027,99.79,111
5160960,Spam Bot T8,0.2174,98.84,138
5160960,castle_defense_p1_v14,0.53,99.41,500
5160960,castle_defense_p1_v16,0.256,99.67,500
5160960,castle_defense_p1_v20,0.23,99.44,500
5160960,castle_defense_p1_v21,0.3272,99.06,486
5160960,castle_defense_p1_v22,0.676,99.38,500
5160960,castle_defense_p1_v23,0.412,99.64,500
5160960,castle_defense_p1_v25,0.318,99.15,500
5160960,castle_defense_p1_v3,0.17,99.99,500
5160960,castle_defense_p1_v4,0.068,100.67,500
5160960,castle_defense_p1_v7,0.106,100.28,500
5275648,Anti-Spam Bot,0.07,100.17,500
5275648,Random Dummy,0.536,100.62,500
5275648,Spam Bot T1,0.844,98.84,500
5275648,Spam Bot T2,0.866,98.54,321
5275648,Spam Bot T3,0.5,99.87,130
5275648,Spam Bot T4,0.1517,99.36,145
5275648,Spam Bot T5,0.0379,99.29,132
5275648,Spam Bot T6,0.048,99.54,125
5275648,Spam Bot T7,0.0268,99.82,112
5275648,Spam Bot T8,0.2083,99.02,144
5275648,castle_defense_p1_v14,0.524,99.61,500
5275648,castle_defense_p1_v16,0.256,100.01,500
5275648,castle_defense_p1_v20,0.23,99.59,500
5275648,castle_defense_p1_v21,0.3252,99.11,492
5275648,castle_defense_p1_v22,0.674,99.46,500
5275648,castle_defense_p1_v23,0.408,99.83,500
5275648,castle_defense_p1_v25,0.32,99.35,500
5275648,castle_defense_p1_v3,0.17,100.09,500
5275648,castle_defense_p1_v4,0.064,100.66,500
5275648,castle_defense_p1_v7,0.108,100.27,500
5390336,Anti-Spam Bot,0.066,99.78,500
5390336,Random Dummy,0.54,100.43,500
5390336,Spam Bot T1,0.832,97.8,500
5390336,Spam Bot T2,0.8663,98.15,329
5390336,Spam Bot T3,0.5038,99.74,131
5390336,Spam Bot T4,0.1507,99.24,146
5390336,Spam Bot T5,0.0368,98.79,136
5390336,Spam Bot T6,0.048,99.54,125
5390336,Spam Bot T7,0.0265,99.66,113
5390336,Spam Bot T8,0.2053,98.25,151
5390336,castle_defense_p1_v14,0.52,99.1,500
5390336,castle_defense_p1_v16,0.25,99.57,500
5390336,castle_defense_p1_v20,0.228,99.39,500
5390336,castle_defense_p1_v21,0.322,98.55,500
5390336,castle_defense_p1_v22,0.672,99.28,500
5390336,castle_defense_p1_v23,0.406,99.3,500
5390336,castle_defense_p1_v25,0.322,99.05,500
5390336,castle_defense_p1_v3,0.166,99.79,500
5390336,castle_defense_p1_v4,0.064,100.21,500
5390336,castle_defense_p1_v7,0.104,99.62,500
5505024,Anti-Spam Bot,0.064,99.73,500
5505024,Random Dummy,0.544,100.4,500
5505024,Spam Bot T1,0.828,97.84,500
5505024,Spam Bot T2,0.8647,98.21,340
5505024,Spam Bot T3,0.5076,99.74,132
5505024,Spam Bot T4,0.1477,99.26,149
5505024,Spam Bot T5,0.0357,98.83,140
5505024,Spam Bot T6,0.0462,99.57,130
5505024,Spam Bot T7,0.0263,99.67,114
5505024,Spam Bot T8,0.2053,98.25,151
5505024,castle_defense_p1_v14,0.516,99.09,500
5505024,castle_defense_p1_v16,0.248,99.56,500
5505024,castle_defense_p1_v20,0.226,99.4,500
5505024,castle_defense_p1_v21,0.316,98.5,500
5505024,castle_defense_p1_v22,0.678,99.37,500
5505024,castle_defense_p1_v23,0.412,99.29,500
5505024,castle_defense_p1_v25,0.324,98.99,500
5505024,castle_defense_p1_v3,0.166,99.88,500
5505024,castle_defense_p1_v4,0.066,100.22,500
5505024,castle_defense_p1_v7,0.102,99.59,500
5619712,Anti-Spam Bot,0.066,99.52,500
5619712,Random Dummy,0.55,100.2,500
5619712,Spam Bot T1,0.826,97.9,500
5619712,Spam Bot T2,0.8634,98.1,344
5619712,Spam Bot T3,0.5037,99.49,135
5619712,Spam Bot T4,0.1484,98.85,155
5619712,Spam Bot T5,0.035,98.61,143
5619712,Spam Bot T6,0.0455,99.4,132
5619712,Spam Bot T7,0.0254,99.29,118
5619712,Spam Bot T8,0.2039,98.19,152
5619712,castle_defense_p1_v14,0.514,98.78,500
5619712,castle_defense_p1_v16,0.244,99.28,500
5619712,castle_defense_p1_v20,0.228,99.2,500
5619712,castle_defense_p1_v21,0.31,98.44,500
5619712,castle_defense_p1_v22,0.68,99.18,500
5619712,castle_defense_p1_v23,0.414,99.1,500
5619712,castle_defense_p1_v25,0.322,98.85,500
5619712,castle_defense_p1_v3,0.168,99.62,500
5619712,castle_defense_p1_v4,0.068,99.95,500
5619712,castle_defense_p1_v7,0.104,99.32,500
5734400,Anti-Spam Bot,0.06,99.09,500
5734400,Random Dummy,0.55,99.82,500
5734400,Spam Bot T1,0.818,96.99,500
5734400,Spam Bot T2,0.8657,97.87,350
5734400,Spam Bot T3,0.5074,99.38,136
5734400,Spam Bot T4,0.1456,98.58,158
5734400,Spam Bot T5,0.0342,98.33,146
5734400,Spam Bot T6,0.0435,98.77,138
5734400,Spam Bot T7,0.0325,98.7,123
5734400,Spam Bot T8,0.1987,97.84,156
5734400,castle_defense_p1_v14,0.516,98.25,500
5734400,castle_defense_p1_v16,0.248,99.04,500
5734400,castle_defense_p1_v20,0.228,99.02,500
5734400,castle_defense_p1_v21,0.314,98.26,500
5734400,castle_defense_p1_v22,0.682,98.66,500
5734400,castle_defense_p1_v23,0.42,98.76,500
5734400,castle_defense_p1_v25,0.308,98.33,500
5734400,castle_defense_p1_v3,0.176,99.14,500
5734400,castle_defense_p1_v4,0.066,99.42,500
5734400,castle_defense_p1_v7,0.104,98.82,500
5849088,Anti-Spam Bot,0.06,99.08,500
5849088,Random Dummy,0.546,99.88,500
5849088,Spam Bot T1,0.824,97.17,500
5849088,Spam Bot T2,0.8676,97.95,355
5849088,Spam Bot T3,0.5145,99.44,138
5849088,Spam Bot T4,0.1491,98.67,161
5849088,Spam Bot T5,0.0336,98.43,149
5849088,Spam Bot T6,0.0426,98.86,141
5849088,Spam Bot T7,0.0317,98.81,126
5849088,Spam Bot T8,0.1975,98.04,162
5849088,castle_defense_p1_v14,0.518,98.26,500
5849088,castle_defense_p1_v16,0.244,99.05,500
5849088,castle_defense_p1_v20,0.228,99.01,500
5849088,castle_defense_p1_v21,0.304,98.42,500
5849088,castle_defense_p1_v22,0.676,98.73,500
5849088,castle_defense_p1_v23,0.426,98.77,500
5849088,castle_defense_p1_v25,0.31,98.48,500
5849088,castle_defense_p1_v3,0.174,99.21,500
5849088,castle_defense_p1_v4,0.066,99.41,500
5849088,castle_defense_p1_v7,0.098,98.73,500
5963776,Anti-Spam Bot,0.062,99.03,500
5963776,Random Dummy,0.55,99.93,500
5963776,Spam Bot T1,0.824,97.2,500
5963776,Spam Bot T2,0.8698,98.03,361
5963776,Spam Bot T3,0.5105,99.57,143
5963776,Spam Bot T4,0.1515,98.77,165
5963776,Spam Bot T5,0.0329,98.52,152
5963776,Spam Bot T6,0.0423,98.89,142
5963776,Spam Bot T7,0.0308,98.94,130
5963776,Spam Bot T8,0.1951,98.11,164
5963776,castle_defense_p1_v14,0.516,98.25,500
5963776,castle_defense_p1_v16,0.24,99.02,500
5963776,castle_defense_p1_v20,0.226,99.04,500
5963776,castle_defense_p1_v21,0.306,98.55,500
5963776,castle_defense_p1_v22,0.674,98.87,500
5963776,castle_defense_p1_v23,0.43,98.73,500
5963776,castle_defense_p1_v25,0.314,98.66,500
5963776,castle_defense_p1_v3,0.178,99.33,500
5963776,castle_defense_p1_v4,0.064,99.31,500
5963776,castle_defense_p1_v7,0.096,98.74,500
6078464,Anti-Spam Bot,0.062,98.58,500
6078464,Random Dummy,0.552,99.77,500
6078464,Spam Bot T1,0.824,96.75,500
6078464,Spam Bot T2,0.8705,97.98,363
6078464,Spam Bot T3,0.5034,99.27,147
6078464,Spam Bot T4,0.1557,98.65,167
6078464,Spam Bot T5,0.0323,98.33,155
6078464,Spam Bot T6,0.0423,98.89,142
6078464,Spam Bot T7,0.0308,98.94,130
6078464,Spam Bot T8,0.1916,97.94,167
6078464,castle_defense_p1_v14,0.512,98.03,500
6078464,castle_defense_p1_v16,0.242,98.79,500
6078464,castle_defense_p1_v20,0.228,98.8,500
6078464,castle_defense_p1_v21,0.316,98.22,500
6078464,castle_defense_p1_v22,0.674,98.52,500
6078464,castle_defense_p1_v23,0.424,98.24,500
6078464,castle_defense_p1_v25,0.314,98.28,500
6078464,castle_defense_p1_v3,0.176,98.9,500
6078464,castle_defense_p1_v4,0.064,98.98,500
6078464,castle_defense_p1_v7,0.096,98.88,500
6193152,Anti-Spam Bot,0.06,98.44,500
6193152,Random Dummy,0.55,99.6,500
6193152,Spam Bot T1,0.832,96.8,500
6193152,Spam Bot T2,0.8733,97.93,371
6193152,Spam Bot T3,0.5099,99.17,151
6193152,Spam Bot T4,0.1529,98.6,170
6193152,Spam Bot T5,0.0375,98.25,160
6193152,Spam Bot T6,0.0417,98.84,144
6193152,Spam Bot T7,0.0305,98.92,131
6193152,Spam Bot T8,0.1905,97.92,168
6193152,castle_defense_p1_v14,0.512,97.86,500
6193152,castle_defense_p1_v16,0.234,98.47,500
6193152,castle_defense_p1_v20,0.24,98.51,500
6193152,castle_defense_p1_v21,0.324,98.08,500
6193152,castle_defense_p1_v22,0.672,98.37,500
6193152,castle_defense_p1_v23,0.428,98.06,500
6193152,castle_defense_p1_v25,0.312,97.96,500
6193152,castle_defense_p1_v3,0.176,98.71,500
6193152,castle_defense_p1_v4,0.066,98.85,500
6193152,castle_defense_p1_v7,0.094,98.86,500
6307840,Anti-Spam Bot,0.06,100.04,500
6307840,Random Dummy,0.552,99.95,500
6307840,Spam Bot T1,0.818,98.29,500
6307840,Spam Bot T2,0.8704,98.62,378
6307840,Spam Bot T3,0.5097,100.11,155
6307840,Spam Bot T4,0.1484,101.02,182
6307840,Spam Bot T5,0.0364,99.37,165
6307840,Spam Bot T6,0.0414,99.1,145
6307840,Spam Bot T7,0.0299,99.73,134
6307840,Spam Bot T8,0.1893,98.15,169
6307840,castle_defense_p1_v14,0.516,98.44,500
6307840,castle_defense_p1_v16,0.234,98.92,500
6307840,castle_defense_p1_v20,0.236,99.81,500
6307840,castle_defense_p1_v21,0.322,98.63,500
6307840,castle_defense_p1_v22,0.668,99.16,500
6307840,castle_defense_p1_v23,0.426,99.16,500
6307840,castle_defense_p1_v25,0.314,98.36,500
6307840,castle_defense_p1_v3,0.178,99.14,500
6307840,castle_defense_p1_v4,0.064,100.66,500
6307840,castle_defense_p1_v7,0.094,99.22,500
6422528,Anti-Spam Bot,0.062,100.61,500
6422528,Random Dummy,0.552,100.18,500
6422528,Spam Bot T1,0.814,98.75,500
6422528,Spam Bot T2,0.8708,98.95,387
6422528,Spam Bot T3,0.5127,100.34,158
6422528,Spam Bot T4,0.1459,101.21,185
6422528,Spam Bot T5,0.0359,99.53,167
6422528,Spam Bot T6,0.0411,99.19,146
6422528,Spam Bot T7,0.0296,99.83,135
6422528,Spam Bot T8,0.1871,98.31,171
6422528,castle_defense_p1_v14,0.51,98.79,500
6422528,castle_defense_p1_v16,0.23,99.14,500
6422528,castle_defense_p1_v20,0.23,100.38,500
6422528,castle_defense_p1_v21,0.33,99.02,500
6422528,castle_defense_p1_v22,0.676,99.45,500
6422528,castle_defense_p1_v23,0.422,99.64,500
6422528,castle_defense_p1_v25,0.312,98.49,500
6422528,castle_defense_p1_v3,0.178,99.32,500
6422528,castle_defense_p1_v4,0.066,100.78,500
6422528,castle_defense_p1_v7,0.096,99.45,500
6537216,Anti-Spam Bot,0.064,100.35,500
6537216,Random Dummy,0.558,99.73,500
6537216,Spam Bot T1,0.818,98.08,500
6537216,Spam Bot T2,0.8622,98.56,399
6537216,Spam Bot T3,0.5155,100.08,161
6537216,Spam Bot T4,0.1497,101.05,187
6537216,Spam Bot T5,0.0353,99.29,170
6537216,Spam Bot T6,0.0403,98.93,149
6537216,Spam Bot T7,0.0292,99.63,137
6537216,Spam Bot T8,0.186,98.24,172
6537216,castle_defense_p1_v14,0.512,98.93,500
6537216,castle_defense_p1_v16,0.234,99.09,500
6537216,castle_defense_p1_v20,0.226,100.38,500
6537216,castle_defense_p1_v21,0.322,98.6,500
6537216,castle_defense_p1_v22,0.676,99.02,500
6537216,castle_defense_p1_v23,0.424,99.09,500
6537216,castle_defense_p1_v25,0.314,98.02,500
6537216,castle_defense_p1_v3,0.176,98.92,500
6537216,castle_defense_p1_v4,0.064,100.31,500
6537216,castle_defense_p1_v7,0.094,98.95,500
6651904,Anti-Spam Bot,0.062,100.63,500
6651904,Random Dummy,0.558,100.11,500
6651904,Spam Bot T1,0.816,98.64,500
6651904,Spam Bot T2,0.8617,98.86,405
6651904,Spam Bot T3,0.5215,100.31,163
6651904,Spam Bot T4,0.1546,101.68,194
6651904,Spam Bot T5,0.0343,99.85,175
6651904,Spam Bot T6,0.0395,99.31,152
6651904,Spam Bot T7,0.0286,100.04,140
6651904,Spam Bot T8,0.1934,99.26,181
6651904,castle_defense_p1_v14,0.514,99.31,500
6651904,castle_defense_p1_v16,0.232,99.74,500
6651904,castle_defense_p1_v20,0.232,100.66,500
6651904,castle_defense_p1_v21,0.318,98.81,500
6651904,castle_defense_p1_v22,0.68,99.72,500
6651904,castle_defense_p1_v23,0.426,99.35,500
6651904,castle_defense_p1_v25,0.308,99.21,500
6651904,castle_defense_p1_v3,0.168,99.54,500
6651904,castle_defense_p1_v4,0.064,100.67,500
6651904,castle_defense_p1_v7,0.096,99.35,500
6766592,Anti-Spam Bot,0.062,100.44,500
6766592,Random Dummy,0.562,100.06,500
6766592,Spam Bot T1,0.814,97.75,500
6766592,Spam Bot T2,0.862,98.83,413
6766592,Spam Bot T3,0.5241,100.25,166
6766592,Spam Bot T4,0.1523,101.62,197
6766592,Spam Bot T5,0.0337,99.8,178
6766592,Spam Bot T6,0.0385,99.26,156
6766592,Spam Bot T7,0.0284,100.02,141
6766592,Spam Bot T8,0.1967,99.24,183
6766592,castle_defense_p1_v14,0.522,99.22,500
6766592,castle_defense_p1_v16,0.232,99.52,500
6766592,castle_defense_p1_v20,0.234,100.58,500
6766592,castle_defense_p1_v21,0.318,98.79,500
6766592,castle_defense_p1_v22,0.684,99.6,500
6766592,castle_defense_p1_v23,0.428,99.13,500
6766592,castle_defense_p1_v25,0.308,98.98,500
6766592,castle_defense_p1_v3,0.178,99.76,500
6766592,castle_defense_p1_v4,0.062,100.49,500
6766592,castle_defense_p1_v7,0.096,99.25,500
6881280,Anti-Spam Bot,0.06,100.35,500
6881280,Random Dummy,0.564,100.09,500
6881280,Spam Bot T1,0.814,97.73,500
6881280,Spam Bot T2,0.8599,98.87,421
6881280,Spam Bot T3,0.5263,100.27,171
6881280,Spam Bot T4,0.1508,101.61,199
6881280,Spam Bot T5,0.0331,99.82,181
6881280,Spam Bot T6,0.0377,99.29,159
6881280,Spam Bot T7,0.0284,100.02,141
6881280,Spam Bot T8,0.1905,99.29,189
6881280,castle_defense_p1_v14,0.518,99.15,500
6881280,castle_defense_p1_v16,0.238,99.52,500
6881280,castle_defense_p1_v20,0.24,100.53,500
6881280,castle_defense_p1_v21,0.322,98.62,500
6881280,castle_defense_p1_v22,0.684,99.63,500
6881280,castle_defense_p1_v23,0.432,99.07,500
6881280,castle_defense_p1_v25,0.304,99.0,500
6881280,castle_defense_p1_v3,0.174,99.79,500
6881280,castle_defense_p1_v4,0.06,100.45,500
6881280,castle_defense_p1_v7,0.094,99.17,500
6995968,Anti-Spam Bot,0.06,100.46,500
6995968,Random Dummy,0.56,100.66,500
6995968,Spam Bot T1,0.816,97.89,500
6995968,Spam Bot T2,0.8581,99.12,430
6995968,Spam Bot T3,0.5263,100.27,171
6995968,Spam Bot T4,0.1527,101.79,203
6995968,Spam Bot T5,0.0374,100.18,187
6995968,Spam Bot T6,0.0432,99.51,162
6995968,Spam Bot T7,0.028,100.17,143
6995968,Spam Bot T8,0.1927,99.47,192
6995968,castle_defense_p1_v14,0.516,99.28,500
6995968,castle_defense_p1_v16,0.244,99.75,500
6995968,castle_defense_p1_v20,0.24,100.57,500
6995968,castle_defense_p1_v21,0.322,98.69,500
6995968,castle_defense_p1_v22,0.682,99.69,500
6995968,castle_defense_p1_v23,0.43,99.78,500
6995968,castle_defense_p1_v25,0.304,99.16,500
6995968,castle_defense_p1_v3,0.174,99.99,500
6995968,castle_defense_p1_v4,0.056,100.67,500
6995968,castle_defense_p1_v7,0.092,99.54,500
7110656,Anti-Spam Bot,0.058,100.36,500
7110656,Random Dummy,0.558,100.44,500
7110656,Spam Bot T1,0.812,97.57,500
7110656,Spam Bot T2,0.8578,99.03,436
7110656,Spam Bot T3,0.5371,100.1,175
7110656,Spam Bot T4,0.152,101.75,204
7110656,Spam Bot T5,0.0368,100.06,190
7110656,Spam Bot T6,0.0429,99.47,163
7110656,Spam Bot T7,0.0276,100.06,145
7110656,Spam Bot T8,0.1907,99.4,194
7110656,castle_defense_p1_v14,0.514,99.18,500
7110656,castle_defense_p1_v16,0.242,99.44,500
7110656,castle_defense_p1_v20,0.248,100.39,500
7110656,castle_defense_p1_v21,0.328,98.43,500
7110656,castle_defense_p1_v22,0.68,99.46,500
7110656,castle_defense_p1_v23,0.434,99.84,500
7110656,castle_defense_p1_v25,0.304,99.09,500
7110656,castle_defense_p1_v3,0.164,99.7,500
7110656,castle_defense_p1_v4,0.058,100.72,500
7110656,castle_defense_p1_v7,0.09,99.55,500
7225344,Anti-Spam Bot,0.06,100.44,500
7225344,Random Dummy,0.558,100.13,500
7225344,Spam Bot T1,0.814,97.75,500
7225344,Spam Bot T2,0.861,98.87,446
7225344,Spam Bot T3,0.5311,100.0,177
7225344,Spam Bot T4,0.149,101.56,208
7225344,Spam Bot T5,0.0361,99.89,194
7225344,Spam Bot T6,0.0409,99.1,171
7225344,Spam Bot T7,0.0338,99.9,148
7225344,Spam Bot T8,0.1859,99.21,199
7225344,castle_defense_p1_v14,0.518,99.16,500
7225344,castle_defense_p1_v16,0.24,99.27,500
7225344,castle_defense_p1_v20,0.246,100.24,500
7225344,castle_defense_p1_v21,0.334,98.58,500
7225344,castle_defense_p1_v22,0.678,99.23,500
7225344,castle_defense_p1_v23,0.432,99.62,500
7225344,castle_defense_p1_v25,0.302,99.05,500
7225344,castle_defense_p1_v3,0.168,99.41,500
7225344,castle_defense_p1_v4,0.06,100.62,500
7225344,castle_defense_p1_v7,0.092,99.59,500
7340032,Anti-Spam Bot,0.058,100.37,500
7340032,Random Dummy,0.564,100.08,500
7340032,Spam Bot T1,0.814,98.02,500
7340032,Spam Bot T2,0.8587,98.86,453
7340032,Spam Bot T3,0.5355,99.94,183
7340032,Spam Bot T4,0.149,101.56,208
7340032,Spam Bot T5,0.0359,99.88,195
7340032,Spam Bot T6,0.0407,99.1,172
7340032,Spam Bot T7,0.0331,99.86,151
7340032,Spam Bot T8,0.1814,99.19,204
7340032,castle_defense_p1_v14,0.528,99.3,500
7340032,castle_defense_p1_v16,0.246,99.57,500
7340032,castle_defense_p1_v20,0.246,100.16,500
7340032,castle_defense_p1_v21,0.336,98.45,500
7340032,castle_defense_p1_v22,0.676,99.22,500
7340032,castle_defense_p1_v23,0.438,99.55,500
7340032,castle_defense_p1_v25,0.3,99.14,500
7340032,castle_defense_p1_v3,0.17,99.45,500
7340032,castle_defense_p1_v4,0.06,100.56,500
7340032,castle_defense_p1_v7,0.09,99.59,500
7454720,Anti-Spam Bot,0.054,100.15,500
7454720,Random Dummy,0.562,100.02,500
7454720,Spam Bot T1,0.818,98.05,500
7454720,Spam Bot T2,0.8581,98.86,458
7454720,Spam Bot T3,0.5326,99.94,184
7454720,Spam Bot T4,0.1495,101.48,214
7454720,Spam Bot T5,0.035,99.85,200
7454720,Spam Bot T6,0.0402,99.1,174
7454720,Spam Bot T7,0.0329,99.85,152
7454720,Spam Bot T8,0.1762,99.17,210
7454720,castle_defense_p1_v14,0.532,99.05,500
7454720,castle_defense_p1_v16,0.252,99.63,500
7454720,castle_defense_p1_v20,0.248,100.38,500
7454720,castle_defense_p1_v21,0.338,98.29,500
7454720,castle_defense_p1_v22,0.672,99.52,500
7454720,castle_defense_p1_v23,0.44,99.32,500
7454720,castle_defense_p1_v25,0.3,99.26,500
7454720,castle_defense_p1_v3,0.168,99.69,500
7454720,castle_defense_p1_v4,0.056,100.31,500
7454720,castle_defense_p1_v7,0.09,99.26,500
7569408,Anti-Spam Bot,0.052,100.17,500
7569408,Random Dummy,0.556,99.98,500
7569408,Spam Bot T1,0.808,98.5,500
7569408,Spam Bot T2,0.8578,98.92,464
7569408,Spam Bot T3,0.5348,100.0,187
7569408,Spam Bot T4,0.1468,101.52,218
7569408,Spam Bot T5,0.0345,99.91,203
7569408,Spam Bot T6,0.0393,99.2,178
7569408,Spam Bot T7,0.0327,99.88,153
7569408,Spam Bot T8,0.1729,99.26,214
7569408,castle_defense_p1_v14,0.534,99.0,500
7569408,castle_defense_p1_v16,0.248,99.65,500
7569408,castle_defense_p1_v20,0.248,100.74,500
7569408,castle_defense_p1_v21,0.338,98.33,500
7569408,castle_defense_p1_v22,0.672,99.73,500
7569408,castle_defense_p1_v23,0.442,99.38,500
7569408,castle_defense_p1_v25,0.302,99.4,500
7569408,castle_defense_p1_v3,0.172,99.79,500
7569408,castle_defense_p1_v4,0.058,100.24,500
7569408,castle_defense_p1_v7,0.09,99.49,500
7684096,Anti-Spam Bot,0.046,99.82,500
7684096,Random Dummy,0.57,99.81,500
7684096,Spam Bot T1,0.812,98.03,500
7684096,Spam Bot T2,0.8565,98.87,467
7684096,Spam Bot T3,0.5365,99.77,192
7684096,Spam Bot T4,0.1441,101.33,222
7684096,Spam Bot T5,0.0343,99.86,204
7684096,Spam Bot T6,0.038,98.94,184
7684096,Spam Bot T7,0.0325,99.82,154
7684096,Spam Bot T8,0.1727,99.04,220
7684096,castle_defense_p1_v14,0.528,98.9,500
7684096,castle_defense_p1_v16,0.254,99.15,500
7684096,castle_defense_p1_v20,0.258,100.44,500
7684096,castle_defense_p1_v21,0.34,98.08,500
7684096,castle_defense_p1_v22,0.676,99.63,500
7684096,castle_defense_p1_v23,0.45,99.43,500
7684096,castle_defense_p1_v25,0.31,99.15,500
7684096,castle_defense_p1_v3,0.172,99.59,500
7684096,castle_defense_p1_v4,0.06,100.15,500
7684096,castle_defense_p1_v7,0.09,99.19,500
7798784,Anti-Spam Bot,0.046,100.0,500
7798784,Random Dummy,0.564,99.97,500
7798784,Spam Bot T1,0.812,98.12,500
7798784,Spam Bot T2,0.8586,98.8,474
7798784,Spam Bot T3,0.5337,99.74,193
7798784,Spam Bot T4,0.1429,101.06,231
7798784,Spam Bot T5,0.034,99.81,206
7798784,Spam Bot T6,0.038,98.94,184
7798784,Spam Bot T7,0.0325,99.82,154
7798784,Spam Bot T8,0.1727,99.04,220
7798784,castle_defense_p1_v14,0.53,98.53,500
7798784,castle_defense_p1_v16,0.256,98.82,500
7798784,castle_defense_p1_v20,0.258,100.34,500
7798784,castle_defense_p1_v21,0.34,98.23,500
7798784,castle_defense_p1_v22,0.672,99.4,500
7798784,castle_defense_p1_v23,0.448,99.39,500
7798784,castle_defense_p1_v25,0.308,98.79,500
7798784,castle_defense_p1_v3,0.172,99.14,500
7798784,castle_defense_p1_v4,0.06,99.96,500
7798784,castle_defense_p1_v7,0.09,99.11,500
7913472,Anti-Spam Bot,0.046,99.89,500
7913472,Random Dummy,0.558,100.16,500
7913472,Spam Bot T1,0.82,98.53,500
7913472,Spam Bot T2,0.8554,98.88,484
7913472,Spam Bot T3,0.5279,99.8,197
7913472,Spam Bot T4,0.1422,101.07,232
7913472,Spam Bot T5,0.0337,99.84,208
7913472,Spam Bot T6,0.0376,98.98,186
7913472,Spam Bot T7,0.0318,99.88,157
7913472,Spam Bot T8,0.1696,99.11,224
7913472,castle_defense_p1_v14,0.532,99.0,500
7913472,castle_defense_p1_v16,0.254,98.99,500
7913472,castle_defense_p1_v20,0.262,100.05,500
7913472,castle_defense_p1_v21,0.344,98.33,500
7913472,castle_defense_p1_v22,0.668,99.37,500
7913472,castle_defense_p1_v23,0.454,99.36,500
7913472,castle_defense_p1_v25,0.316,98.73,500
7913472,castle_defense_p1_v3,0.166,99.08,500
7913472,castle_defense_p1_v4,0.062,100.15,500
7913472,castle_defense_p1_v7,0.088,99.06,500
8028160,Anti-Spam Bot,0.046,99.9,500
8028160,Random Dummy,0.556,100.0,500
8028160,Spam Bot T1,0.826,99.05,500
8028160,Spam Bot T2,0.8554,98.92,491
8028160,Spam Bot T3,0.5303,99.81,198
8028160,Spam Bot T4,0.1392,101.09,237
8028160,Spam Bot T5,0.033,99.88,212
8028160,Spam Bot T6,0.0372,99.01,188
8028160,Spam Bot T7,0.0307,99.95,163
8028160,Spam Bot T8,0.1711,99.16,228
8028160,castle_defense_p1_v14,0.528,99.02,500
8028160,castle_defense_p1_v16,0.258,99.21,500
8028160,castle_defense_p1_v20,0.26,100.12,500
8028160,castle_defense_p1_v21,0.34,98.39,500
8028160,castle_defense_p1_v22,0.67,99.33,500
8028160,castle_defense_p1_v23,0.458,99.39,500
8028160,castle_defense_p1_v25,0.32,98.6,500
8028160,castle_defense_p1_v3,0.164,99.36,500
8028160,castle_defense_p1_v4,0.056,100.14,500
8028160,castle_defense_p1_v7,0.088,99.1,500
8142848,Anti-Spam Bot,0.048,99.83,500
8142848,Random Dummy,0.558,99.82,500
8142848,Spam Bot T1,0.834,99.6,500
8142848,Spam Bot T2,0.854,98.82,500
8142848,Spam Bot T3,0.5274,99.74,201
8142848,Spam Bot T4,0.1387,101.06,238
8142848,Spam Bot T5,0.0327,99.83,214
8142848,Spam Bot T6,0.0368,98.97,190
8142848,Spam Bot T7,0.0303,99.89,165
8142848,Spam Bot T8,0.1667,99.05,234
8142848,castle_defense_p1_v14,0.528,98.88,500
8142848,castle_defense_p1_v16,0.254,99.1,500
8142848,castle_defense_p1_v20,0.242,100.11,500
8142848,castle_defense_p1_v21,0.342,98.19,500
8142848,castle_defense_p1_v22,0.672,99.2,500
8142848,castle_defense_p1_v23,0.462,99.28,500
8142848,castle_defense_p1_v25,0.32,98.79,500
8142848,castle_defense_p1_v3,0.164,99.18,500
8142848,castle_defense_p1_v4,0.058,100.05,500
8142848,castle_defense_p1_v7,0.086,98.94,500
8257536,Anti-Spam Bot,0.046,99.78,500
8257536,Random Dummy,0.556,99.84,500
8257536,Spam Bot T1,0.834,99.47,500
8257536,Spam Bot T2,0.856,98.8,500
8257536,Spam Bot T3,0.532,99.75,203
8257536,Spam Bot T4,0.1381,101.06,239
8257536,Spam Bot T5,0.0326,99.83,215
8257536,Spam Bot T6,0.0365,98.99,192
8257536,Spam Bot T7,0.0298,99.9,168
8257536,Spam Bot T8,0.1646,99.07,237
8257536,castle_defense_p1_v14,0.528,98.86,500
8257536,castle_defense_p1_v16,0.254,99.12,500
8257536,castle_defense_p1_v20,0.246,100.19,500
8257536,castle_defense_p1_v21,0.34,98.08,500
8257536,castle_defense_p1_v22,0.676,99.33,500
8257536,castle_defense_p1_v23,0.466,99.46,500
8257536,castle_defense_p1_v25,0.316,98.86,500
8257536,castle_defense_p1_v3,0.176,99.17,500
8257536,castle_defense_p1_v4,0.058,99.99,500
8257536,castle_defense_p1_v7,0.088,98.91,500
8372224,Anti-Spam Bot,0.042,100.07,500
8372224,Random Dummy,0.556,99.87,500
8372224,Spam Bot T1,0.836,99.68,500
8372224,Spam Bot T2,0.86,99.06,500
8372224,Spam Bot T3,0.5294,99.79,204
8372224,Spam Bot T4,0.1364,101.15,242
8372224,Spam Bot T5,0.0323,99.91,217
8372224,Spam Bot T6,0.0361,99.08,194
8372224,Spam Bot T7,0.0294,100.0,170
8372224,Spam Bot T8,0.1687,99.29,243
8372224,castle_defense_p1_v14,0.534,99.0,500
8372224,castle_defense_p1_v16,0.248,99.26,500
8372224,castle_defense_p1_v20,0.246,100.34,500
8372224,castle_defense_p1_v21,0.34,98.35,500
8372224,castle_defense_p1_v22,0.672,99.61,500
8372224,castle_defense_p1_v23,0.464,99.7,500
8372224,castle_defense_p1_v25,0.312,98.96,500
8372224,castle_defense_p1_v3,0.178,99.36,500
8372224,castle_defense_p1_v4,0.066,100.36,500
8372224,castle_defense_p1_v7,0.088,99.04,500
8486912,Anti-Spam Bot,0.042,100.03,500
8486912,Random Dummy,0.554,99.65,500
8486912,Spam Bot T1,0.83,99.71,500
8486912,Spam Bot T2,0.86,98.98,500
8486912,Spam Bot T3,0.5294,99.79,204
8486912,Spam Bot T4,0.1393,101.06,244
8486912,Spam Bot T5,0.0367,99.87,218
8486912,Spam Bot T6,0.0357,98.99,196
8486912,Spam Bot T7,0.0294,100.0,170
8486912,Spam Bot T8,0.1714,99.22,245
8486912,castle_defense_p1_v14,0.536,98.9,500
8486912,castle_defense_p1_v16,0.254,99.05,500
8486912,castle_defense_p1_v20,0.244,99.98,500
8486912,castle_defense_p1_v21,0.34,97.95,500
8486912,castle_defense_p1_v22,0.682,99.49,500
8486912,castle_defense_p1_v23,0.46,99.41,500
8486912,castle_defense_p1_v25,0.316,98.82,500
8486912,castle_defense_p1_v3,0.182,99.14,500
8486912,castle_defense_p1_v4,0.068,100.31,500
8486912,castle_defense_p1_v7,0.088,98.95,500
8601600,Anti-Spam Bot,0.044,100.28,500
8601600,Random Dummy,0.548,99.99,500
8601600,Spam Bot T1,0.828,100.38,500
8601600,Spam Bot T2,0.858,99.36,500
8601600,Spam Bot T3,0.5192,100.06,208
8601600,Spam Bot T4,0.14,101.36,250
8601600,Spam Bot T5,0.0362,100.06,221
8601600,Spam Bot T6,0.0352,99.21,199
8601600,Spam Bot T7,0.0291,100.16,172
8601600,Spam Bot T8,0.17,99.34,247
8601600,castle_defense_p1_v14,0.536,99.16,500
8601600,castle_defense_p1_v16,0.254,99.29,500
8601600,castle_defense_p1_v20,0.24,100.21,500
8601600,castle_defense_p1_v21,0.336,98.34,500
8601600,castle_defense_p1_v22,0.686,99.7,500
8601600,castle_defense_p1_v23,0.458,99.56,500
8601600,castle_defense_p1_v25,0.306,99.16,500
8601600,castle_defense_p1_v3,0.188,99.52,500
8601600,castle_defense_p1_v4,0.068,100.56,500
8601600,castle_defense_p1_v7,0.084,99.55,500
8716288,Anti-Spam Bot,0.044,99.96,500
8716288,Random Dummy,0.542,99.54,500
8716288,Spam Bot T1,0.834,98.79,500
8716288,Spam Bot T2,0.856,99.19,500
8716288,Spam Bot T3,0.5305,99.63,213
8716288,Spam Bot T4,0.1383,101.13,253
8716288,Spam Bot T5,0.0362,100.06,221
8716288,Spam Bot T6,0.0347,98.96,202
8716288,Spam Bot T7,0.0341,99.74,176
8716288,Spam Bot T8,0.1727,99.19,249
8716288,castle_defense_p1_v14,0.538,99.07,500
8716288,castle_defense_p1_v16,0.254,99.18,500
8716288,castle_defense_p1_v20,0.242,99.89,500
8716288,castle_defense_p1_v21,0.336,97.98,500
8716288,castle_defense_p1_v22,0.692,99.24,500
8716288,castle_defense_p1_v23,0.456,98.45,500
8716288,castle_defense_p1_v25,0.304,98.73,500
8716288,castle_defense_p1_v3,0.192,99.32,500
8716288,castle_defense_p1_v4,0.068,100.28,500
8716288,castle_defense_p1_v7,0.084,99.27,500
8830976,Anti-Spam Bot,0.04,99.89,500
8830976,Random Dummy,0.548,99.46,500
8830976,Spam Bot T1,0.836,97.86,500
8830976,Spam Bot T2,0.856,99.15,500
8830976,Spam Bot T3,0.5324,99.59,216
8830976,Spam Bot T4,0.144,101.06,257
8830976,Spam Bot T5,0.036,100.04,222
8830976,Spam Bot T6,0.0347,98.96,202
8830976,Spam Bot T7,0.0333,99.67,180
8830976,Spam Bot T8,0.172,99.18,250
8830976,castle_defense_p1_v14,0.532,99.08,500
8830976,castle_defense_p1_v16,0.246,99.2,500
8830976,castle_defense_p1_v20,0.246,99.94,500
8830976,castle_defense_p1_v21,0.332,97.88,500
8830976,castle_defense_p1_v22,0.696,99.07,500
8830976,castle_defense_p1_v23,0.46,98.17,500
8830976,castle_defense_p1_v25,0.306,98.74,500
8830976,castle_defense_p1_v3,0.192,99.33,500
8830976,castle_defense_p1_v4,0.07,100.23,500
8830976,castle_defense_p1_v7,0.088,99.14,500
8945664,Anti-Spam Bot,0.036,99.95,500
8945664,Random Dummy,0.548,99.75,500
8945664,Spam Bot T1,0.84,98.71,500
8945664,Spam Bot T2,0.856,99.27,500
8945664,Spam Bot T3,0.5251,99.68,219
8945664,Spam Bot T4,0.1456,101.14,261
8945664,Spam Bot T5,0.0356,100.12,225
8945664,Spam Bot T6,0.0345,98.99,203
8945664,Spam Bot T7,0.0328,99.78,183
8945664,Spam Bot T8,0.1732,99.3,254
8945664,castle_defense_p1_v14,0.52,99.33,500
8945664,castle_defense_p1_v16,0.252,99.38,500
8945664,castle_defense_p1_v20,0.25,100.15,500
8945664,castle_defense_p1_v21,0.336,97.95,500
8945664,castle_defense_p1_v22,0.696,99.13,500
8945664,castle_defense_p1_v23,0.458,98.3,500
8945664,castle_defense_p1_v25,0.304,99.0,500
8945664,castle_defense_p1_v3,0.196,99.45,500
8945664,castle_defense_p1_v4,0.068,100.31,500
8945664,castle_defense_p1_v7,0.086,99.18,500
9060352,Anti-Spam Bot,0.032,100.05,500
9060352,Random Dummy,0.544,99.92,500
9060352,Spam Bot T1,0.838,98.46,500
9060352,Spam Bot T2,0.854,99.41,500
9060352,Spam Bot T3,0.5225,99.82,222
9060352,Spam Bot T4,0.1445,101.21,263
9060352,Spam Bot T5,0.0351,100.26,228
9060352,Spam Bot T6,0.0341,99.1,205
9060352,Spam Bot T7,0.0324,99.89,185
9060352,Spam Bot T8,0.1712,99.43,257
9060352,castle_defense_p1_v14,0.522,99.49,500
9060352,castle_defense_p1_v16,0.252,99.63,500
9060352,castle_defense_p1_v20,0.256,100.46,500
9060352,castle_defense_p1_v21,0.336,98.16,500
9060352,castle_defense_p1_v22,0.696,99.35,500
9060352,castle_defense_p1_v23,0.462,98.4,500
9060352,castle_defense_p1_v25,0.304,99.37,500
9060352,castle_defense_p1_v3,0.196,99.6,500
9060352,castle_defense_p1_v4,0.066,100.03,500
9060352,castle_defense_p1_v7,0.088,99.18,500
9175040,Anti-Spam Bot,0.034,99.61,500
9175040,Random Dummy,0.538,100.04,500
9175040,Spam Bot T1,0.84,98.67,500
9175040,Spam Bot T2,0.852,99.49,500
9175040,Spam Bot T3,0.5265,99.86,226
9175040,Spam Bot T4,0.1466,101.22,266
9175040,Spam Bot T5,0.0351,100.26,228
9175040,Spam Bot T6,0.0333,99.16,210
9175040,Spam Bot T7,0.0323,99.9,186
9175040,Spam Bot T8,0.1679,99.47,262
9175040,castle_defense_p1_v14,0.528,99.17,500
9175040,castle_defense_p1_v16,0.254,99.62,500
9175040,castle_defense_p1_v20,0.254,100.44,500
9175040,castle_defense_p1_v21,0.338,98.27,500
9175040,castle_defense_p1_v22,0.7,99.58,500
9175040,castle_defense_p1_v23,0.46,98.37,500
9175040,castle_defense_p1_v25,0.306,99.42,500
9175040,castle_defense_p1_v3,0.194,99.16,500
9175040,castle_defense_p1_v4,0.066,99.68,500
9175040,castle_defense_p1_v7,0.086,98.59,500
9289728,Anti-Spam Bot,0.034,99.56,500
9289728,Random Dummy,0.546,100.01,500
9289728,Spam Bot T1,0.832,98.69,500
9289728,Spam Bot T2,0.854,99.5,500
9289728,Spam Bot T3,0.5284,99.87,229
9289728,Spam Bot T4,0.1444,101.22,270
9289728,Spam Bot T5,0.0345,100.28,232
9289728,Spam Bot T6,0.0376,99.19,213
9289728,Spam Bot T7,0.0319,99.92,188
9289728,Spam Bot T8,0.1667,99.48,264
9289728,castle_defense_p1_v14,0.528,98.87,500
9289728,castle_defense_p1_v16,0.264,99.56,500
9289728,castle_defense_p1_v20,0.254,100.25,500
9289728,castle_defense_p1_v21,0.334,98.48,500
9289728,castle_defense_p1_v22,0.698,99.67,500
9289728,castle_defense_p1_v23,0.458,98.43,500
9289728,castle_defense_p1_v25,0.306,99.36,500
9289728,castle_defense_p1_v3,0.188,98.96,500
9289728,castle_defense_p1_v4,0.066,99.61,500
9289728,castle_defense_p1_v7,0.09,98.49,500
9404416,Anti-Spam Bot,0.03,99.2,500
9404416,Random Dummy,0.538,99.36,500
9404416,Spam Bot T1,0.838,97.93,500
9404416,Spam Bot T2,0.854,99.44,500
9404416,Spam Bot T3,0.5302,99.69,232
9404416,Spam Bot T4,0.1444,101.22,270
9404416,Spam Bot T5,0.0343,100.21,233
9404416,Spam Bot T6,0.0367,98.88,218
9404416,Spam Bot T7,0.0361,99.48,194
9404416,Spam Bot T8,0.1654,99.38,266
9404416,castle_defense_p1_v14,0.52,98.43,500
9404416,castle_defense_p1_v16,0.26,98.53,500
9404416,castle_defense_p1_v20,0.254,99.41,500
9404416,castle_defense_p1_v21,0.332,98.23,500
9404416,castle_defense_p1_v22,0.698,99.35,500
9404416,castle_defense_p1_v23,0.456,98.41,500
9404416,castle_defense_p1_v25,0.304,98.98,500
9404416,castle_defense_p1_v3,0.19,98.3,500
9404416,castle_defense_p1_v4,0.066,99.47,500
9404416,castle_defense_p1_v7,0.086,98.16,500
9519104,Anti-Spam Bot,0.036,99.17,500
9519104,Random Dummy,0.542,98.44,500
9519104,Spam Bot T1,0.844,97.86,500
9519104,Spam Bot T2,0.856,99.23,500
9519104,Spam Bot T3,0.5322,99.65,233
9519104,Spam Bot T4,0.1465,101.1,273
9519104,Spam Bot T5,0.0342,100.17,234
9519104,Spam Bot T6,0.0359,98.7,223
9519104,Spam Bot T7,0.0355,99.35,197
9519104,Spam Bot T8,0.1636,99.28,269
9519104,castle_defense_p1_v14,0.52,98.39,500
9519104,castle_defense_p1_v16,0.262,98.27,500
9519104,castle_defense_p1_v20,0.252,99.23,500
9519104,castle_defense_p1_v21,0.334,97.87,500
9519104,castle_defense_p1_v22,0.694,99.14,500
9519104,castle_defense_p1_v23,0.456,98.31,500
9519104,castle_defense_p1_v25,0.302,98.66,500
9519104,castle_defense_p1_v3,0.184,98.41,500
9519104,castle_defense_p1_v4,0.066,99.54,500
9519104,castle_defense_p1_v7,0.084,98.24,500
9633792,Anti-Spam Bot,0.038,99.19,500
9633792,Random Dummy,0.544,98.19,500
9633792,Spam Bot T1,0.846,97.83,500
9633792,Spam Bot T2,0.854,99.02,500
9633792,Spam Bot T3,0.5228,99.37,241
9633792,Spam Bot T4,0.1491,101.03,275
9633792,Spam Bot T5,0.0333,99.95,240
9633792,Spam Bot T6,0.0352,98.57,227
9633792,Spam Bot T7,0.0354,99.31,198
9633792,Spam Bot T8,0.1624,99.22,271
9633792,castle_defense_p1_v14,0.516,98.47,500
9633792,castle_defense_p1_v16,0.266,98.06,500
9633792,castle_defense_p1_v20,0.248,99.38,500
9633792,castle_defense_p1_v21,0.332,97.46,500
9633792,castle_defense_p1_v22,0.684,98.47,500
9633792,castle_defense_p1_v23,0.45,98.17,500
9633792,castle_defense_p1_v25,0.304,98.49,500
9633792,castle_defense_p1_v3,0.184,98.27,500
9633792,castle_defense_p1_v4,0.064,99.34,500
9633792,castle_defense_p1_v7,0.082,98.18,500
9748480,Anti-Spam Bot,0.04,99.51,500
9748480,Random Dummy,0.544,98.91,500
9748480,Spam Bot T1,0.85,98.55,500
9748480,Spam Bot T2,0.854,99.51,500
9748480,Spam Bot T3,0.5224,99.66,245
9748480,Spam Bot T4,0.1571,101.32,280
9748480,Spam Bot T5,0.0328,100.23,244
9748480,Spam Bot T6,0.0349,98.73,229
9748480,Spam Bot T7,0.0348,99.57,201
9748480,Spam Bot T8,0.16,99.48,275
9748480,castle_defense_p1_v14,0.524,99.17,500
9748480,castle_defense_p1_v16,0.268,98.76,500
9748480,castle_defense_p1_v20,0.254,100.02,500
9748480,castle_defense_p1_v21,0.332,97.55,500
9748480,castle_defense_p1_v22,0.682,98.58,500
9748480,castle_defense_p1_v23,0.45,98.41,500
9748480,castle_defense_p1_v25,0.304,98.77,500
9748480,castle_defense_p1_v3,0.192,98.83,500
9748480,castle_defense_p1_v4,0.062,99.57,500
9748480,castle_defense_p1_v7,0.082,98.68,500
9863168,Anti-Spam Bot,0.04,99.38,500
9863168,Random Dummy,0.548,98.86,500
9863168,Spam Bot T1,0.844,98.16,500
9863168,Spam Bot T2,0.858,99.31,500
9863168,Spam Bot T3,0.5223,99.59,247
9863168,Spam Bot T4,0.1549,101.16,284
9863168,Spam Bot T5,0.0323,100.07,248
9863168,Spam Bot T6,0.034,98.51,235
9863168,Spam Bot T7,0.0345,99.48,203
9863168,Spam Bot T8,0.1577,99.35,279
9863168,castle_defense_p1_v14,0.522,98.95,500
9863168,castle_defense_p1_v16,0.27,98.63,500
9863168,castle_defense_p1_v20,0.254,99.78,500
9863168,castle_defense_p1_v21,0.334,97.28,500
9863168,castle_defense_p1_v22,0.682,98.29,500
9863168,castle_defense_p1_v23,0.452,98.25,500
9863168,castle_defense_p1_v25,0.296,98.66,500
9863168,castle_defense_p1_v3,0.186,98.55,500
9863168,castle_defense_p1_v4,0.062,99.51,500
9863168,castle_defense_p1_v7,0.082,98.32,500
9977856,Anti-Spam Bot,0.038,99.6,500
9977856,Random Dummy,0.548,99.0,500
9977856,Spam Bot T1,0.846,98.56,500
9977856,Spam Bot T2,0.856,99.4,500
9977856,Spam Bot T3,0.5261,99.65,249
9977856,Spam Bot T4,0.1579,101.18,285
9977856,Spam Bot T5,0.032,100.13,250
9977856,Spam Bot T6,0.0338,98.58,237
9977856,Spam Bot T7,0.0341,99.55,205
9977856,Spam Bot T8,0.1631,99.43,282
9977856,castle_defense_p1_v14,0.51,99.28,500
9977856,castle_defense_p1_v16,0.266,98.86,500
9977856,castle_defense_p1_v20,0.256,100.11,500
9977856,castle_defense_p1_v21,0.33,97.65,500
9977856,castle_defense_p1_v22,0.682,98.61,500
9977856,castle_defense_p1_v23,0.452,98.42,500
9977856,castle_defense_p1_v25,0.29,99.26,500
9977856,castle_defense_p1_v3,0.188,98.74,500
9977856,castle_defense_p1_v4,0.062,99.64,500
9977856,castle_defense_p1_v7,0.08,98.86,500
10092544,Anti-Spam Bot,0.04,99.72,500
10092544,Random Dummy,0.548,99.14,500
10092544,Spam Bot T1,0.846,99.2,500
10092544,Spam Bot T2,0.858,99.45,500
10092544,Spam Bot T3,0.5238,99.71,252
10092544,Spam Bot T4,0.1597,101.22,288
10092544,Spam Bot T5,0.0315,100.2,254
10092544,Spam Bot T6,0.0336,98.61,238
10092544,Spam Bot T7,0.0335,99.65,209
10092544,Spam Bot T8,0.1614,99.49,285
10092544,castle_defense_p1_v14,0.51,99.45,500
10092544,castle_defense_p1_v16,0.268,99.07,500
10092544,castle_defense_p1_v20,0.248,100.21,500
10092544,castle_defense_p1_v21,0.328,98.36,500
10092544,castle_defense_p1_v22,0.674,99.04,500
10092544,castle_defense_p1_v23,0.454,98.75,500
10092544,castle_defense_p1_v25,0.29,99.4,500
10092544,castle_defense_p1_v3,0.184,99.15,500
10092544,castle_defense_p1_v4,0.062,99.74,500
10092544,castle_defense_p1_v7,0.084,99.29,500
