attacker_team,tier,attacker_unit,force_size,escort_tier,escort_unit,anchor_tier,anchor_unit,anchors_spawned,anchor_spend,anchor_delay,anchor_max,anchors_alive,anchor_first_tick,anchor_delayed_ticks,blocker_team,blocker_unit,interval_ticks,attacker_seat,outcome,ticks,seconds,beyond_game_limit,blockers_spawned,blockers_lost,blocker_spend,peak_blockers,spend_at_force_death,escorts_spawned,attacker_spend,force_spend,big_units_alive,force_died_tick,deepest_progress,first_castle_hit_tick
Black,7,gorillo,3,0,-,7,gorillo,1,1183,600,1,1,600,0,Black,evilminnow,0,1,castle_destroyed,603,20.10,False,0,-1,0,1,0,0,3549,3549,3,-1,1.0000,426
Black,7,gorillo,3,0,-,7,gorillo,1,1183,600,1,1,600,0,Black,evilminnow,1,1,force_destroyed,1106,36.87,False,1106,918,2212,233,3395,0,3549,3549,0,1106,0.3035,-1
Black,7,gorillo,3,0,-,7,gorillo,1,1183,600,1,1,600,0,Black,evilminnow,2,1,force_destroyed,1593,53.10,False,797,711,1594,137,2777,0,3549,3549,0,1593,0.3059,-1
Black,7,gorillo,3,0,-,7,gorillo,1,1183,600,1,1,600,0,Black,evilminnow,3,1,force_destroyed,1305,43.50,False,435,365,870,95,2053,0,3549,3549,0,1305,0.3765,-1
Black,7,gorillo,3,0,-,7,gorillo,1,1183,600,1,0,600,0,Black,evilminnow,6,1,force_destroyed,1741,58.03,False,291,265,582,31,1765,0,3549,3549,0,1741,0.4553,-1
Black,7,gorillo,3,0,-,7,gorillo,1,1183,600,1,0,600,0,Black,evilminnow,10,1,force_destroyed,2582,86.07,False,259,256,518,16,1701,0,3549,3549,0,2582,0.9000,-1
Black,7,gorillo,3,4,evilnom,7,gorillo,0,0,600,1,0,-1,0,Black,evilminnow,0,1,castle_destroyed,535,17.83,False,0,0,0,0,0,18,3999,3549,3,-1,1.0000,132
Black,7,gorillo,3,4,evilnom,7,gorillo,1,1183,600,1,1,600,0,Black,evilminnow,1,1,force_destroyed,1377,45.90,False,1377,1250,2754,133,3839,45,4674,3549,0,1328,0.4471,-1
Black,7,gorillo,3,4,evilnom,7,gorillo,1,1183,600,1,1,600,0,Black,evilminnow,2,1,force_destroyed,1247,41.57,False,624,581,1248,47,2381,40,4549,3549,0,1198,1.0000,584
Black,7,gorillo,3,4,evilnom,7,gorillo,1,1183,600,1,0,600,0,Black,evilminnow,3,1,castle_destroyed,1429,47.63,False,477,473,954,28,0,48,4749,3549,2,-1,1.0000,505
Black,7,gorillo,3,4,evilnom,7,gorillo,1,1183,600,1,1,600,0,Black,evilminnow,6,1,castle_destroyed,622,20.73,False,104,101,208,14,0,21,4074,3549,3,-1,1.0000,230
Black,7,gorillo,3,4,evilnom,7,gorillo,0,0,600,1,0,-1,0,Black,evilminnow,10,1,castle_destroyed,554,18.47,False,56,55,112,8,0,19,4024,3549,3,-1,1.0000,174
Black,7,gorillo,5,0,-,7,gorillo,0,0,600,1,0,-1,0,Black,evilminnow,0,1,castle_destroyed,565,18.83,False,0,0,0,0,0,0,5915,5915,5,-1,1.0000,426
Black,7,gorillo,5,0,-,7,gorillo,1,1183,600,1,1,600,0,Black,evilminnow,1,1,force_destroyed,982,32.73,False,982,798,1964,210,3147,0,5915,5915,0,982,0.3035,-1
Black,7,gorillo,5,0,-,7,gorillo,1,1183,600,1,0,600,0,Black,evilminnow,2,1,force_destroyed,1781,59.37,False,891,791,1782,130,2965,0,5915,5915,0,1781,0.3318,-1
Black,7,gorillo,5,0,-,7,gorillo,1,1183,600,1,1,600,0,Black,evilminnow,3,1,force_destroyed,1706,56.87,False,569,506,1138,82,2321,0,5915,5915,0,1706,0.4235,-1
Black,7,gorillo,5,0,-,7,gorillo,1,1183,600,1,1,600,0,Black,evilminnow,6,1,force_destroyed,1405,46.83,False,235,204,470,38,1653,0,5915,5915,0,1405,0.5871,-1
Black,7,gorillo,5,0,-,7,gorillo,1,1183,600,1,1,600,0,Black,evilminnow,10,1,force_destroyed,1019,33.97,False,102,81,204,23,1387,0,5915,5915,0,1019,0.7553,-1
Black,7,gorillo,5,4,evilnom,7,gorillo,0,0,600,1,0,-1,0,Black,evilminnow,0,1,castle_destroyed,524,17.47,False,0,0,0,0,0,18,6365,5915,5,-1,1.0000,132
Black,7,gorillo,5,4,evilnom,7,gorillo,1,1183,600,1,0,600,0,Black,evilminnow,1,1,force_destroyed,1683,56.10,False,1683,1523,3366,176,4497,56,7315,5915,0,1657,0.4471,-1
Black,7,gorillo,5,4,evilnom,7,gorillo,1,1183,600,1,1,600,0,Black,evilminnow,2,1,force_destroyed,1340,44.67,False,670,635,1340,42,2421,42,6965,5915,0,1237,1.0000,582
Black,7,gorillo,5,4,evilnom,7,gorillo,1,1183,600,1,0,600,0,Black,evilminnow,3,1,castle_destroyed,1218,40.60,False,406,403,812,28,0,41,6940,5915,2,-1,1.0000,505
Black,7,gorillo,5,4,evilnom,7,gorillo,0,0,600,1,0,-1,0,Black,evilminnow,6,1,castle_destroyed,595,19.83,False,100,98,200,14,0,20,6415,5915,5,-1,1.0000,230
Black,7,gorillo,5,4,evilnom,7,gorillo,0,0,600,1,0,-1,0,Black,evilminnow,10,1,castle_destroyed,535,17.83,False,54,53,108,8,0,18,6365,5915,5,-1,1.0000,174
Blue,7,octoboi,3,0,-,7,octoboi,1,1379,600,1,1,600,0,Blue,fishy,0,1,castle_destroyed,1097,36.57,False,0,-1,0,1,0,0,4137,4137,3,-1,1.0000,568
Blue,7,octoboi,3,0,-,7,octoboi,1,1379,600,1,1,600,0,Blue,fishy,1,1,force_destroyed,1549,51.63,False,1549,1289,4647,278,6026,0,4137,4137,0,1549,0.2647,-1
Blue,7,octoboi,3,0,-,7,octoboi,1,1379,600,1,0,600,0,Blue,fishy,2,1,force_destroyed,1969,65.63,False,985,871,2955,208,4334,0,4137,4137,0,1969,0.2665,-1
Blue,7,octoboi,3,0,-,7,octoboi,1,1379,600,1,0,600,0,Blue,fishy,3,1,force_destroyed,2996,99.87,False,999,929,2997,97,4376,0,4137,4137,0,2996,0.2682,-1
Blue,7,octoboi,3,0,-,7,octoboi,1,1379,600,1,0,600,0,Blue,fishy,6,1,force_destroyed,2133,71.10,False,356,315,1068,68,2447,0,4137,4137,0,2133,0.3282,-1
Blue,7,octoboi,3,0,-,7,octoboi,1,1379,600,1,0,600,0,Blue,fishy,10,1,force_destroyed,2723,90.77,False,273,247,819,29,2198,0,4137,4137,0,2723,0.4522,-1
Blue,7,octoboi,3,4,eel,7,octoboi,1,1379,600,1,1,600,0,Blue,fishy,0,1,castle_destroyed,872,29.07,False,0,-1,0,1,0,30,4827,4137,3,-1,1.0000,123
Blue,7,octoboi,3,4,eel,7,octoboi,1,1379,600,1,1,600,0,Blue,fishy,1,1,force_destroyed,1908,63.60,False,1908,1747,5724,163,7010,63,5586,4137,0,1877,0.4894,-1
Blue,7,octoboi,3,4,eel,7,octoboi,1,1379,600,1,0,600,0,Blue,fishy,2,1,castle_destroyed,2956,98.53,False,1478,1472,4434,42,0,99,6414,4137,3,-1,1.0000,940
Blue,7,octoboi,3,4,eel,7,octoboi,1,1379,600,1,1,600,0,Blue,fishy,3,1,force_destroyed,1875,62.50,False,625,611,1875,28,3110,58,5471,4137,0,1729,1.0000,483
Blue,7,octoboi,3,4,eel,7,octoboi,1,1379,600,1,1,600,0,Blue,fishy,6,1,castle_destroyed,1098,36.60,False,183,180,549,14,0,37,4988,4137,3,-1,1.0000,213
Blue,7,octoboi,3,4,eel,7,octoboi,1,1379,600,1,1,600,0,Blue,fishy,10,1,castle_destroyed,1186,39.53,False,119,117,357,12,0,40,5057,4137,3,-1,1.0000,168
Blue,7,octoboi,5,0,-,7,octoboi,1,1379,600,1,1,600,0,Blue,fishy,0,1,castle_destroyed,826,27.53,False,0,-1,0,1,0,0,6895,6895,5,-1,1.0000,568
Blue,7,octoboi,5,0,-,7,octoboi,1,1379,600,1,1,600,0,Blue,fishy,1,1,force_destroyed,1703,56.77,False,1703,1472,5109,257,6488,0,6895,6895,0,1703,0.2647,-1
Blue,7,octoboi,5,0,-,7,octoboi,1,1379,600,1,0,600,0,Blue,fishy,2,1,force_destroyed,3690,123.00,False,1845,1733,5535,144,6914,0,6895,6895,0,3690,0.2665,-1
Blue,7,octoboi,5,0,-,7,octoboi,1,1379,600,1,0,600,0,Blue,fishy,3,1,force_destroyed,4560,152.00,False,1520,1457,4560,99,5939,0,6895,6895,0,4560,0.2894,-1
Blue,7,octoboi,5,0,-,7,octoboi,1,1379,600,1,0,600,0,Blue,fishy,6,1,force_destroyed,1909,63.63,False,319,282,957,42,2336,0,6895,6895,0,1909,0.3965,-1
Blue,7,octoboi,5,0,-,7,octoboi,1,1379,600,1,0,600,0,Blue,fishy,10,1,force_destroyed,2641,88.03,False,265,239,795,29,2174,0,6895,6895,0,2641,0.4500,-1
Blue,7,octoboi,5,4,eel,7,octoboi,1,1379,600,1,1,600,0,Blue,fishy,0,1,castle_destroyed,724,24.13,False,0,-1,0,1,0,25,7470,6895,5,-1,1.0000,123
Blue,7,octoboi,5,4,eel,7,octoboi,1,1379,600,1,0,600,0,Blue,fishy,1,1,force_destroyed,4660,155.33,False,4660,4484,13980,181,15299,155,10460,6895,0,4640,0.4894,-1
Blue,7,octoboi,5,4,eel,7,octoboi,1,1379,600,1,0,600,0,Blue,fishy,2,1,castle_destroyed,2044,68.13,False,1022,1016,3066,42,0,69,8482,6895,2,-1,1.0000,796
Blue,7,octoboi,5,4,eel,7,octoboi,1,1379,600,1,0,600,0,Blue,fishy,3,1,castle_destroyed,2253,75.10,False,751,747,2253,28,0,76,8643,6895,2,-1,1.0000,483
Blue,7,octoboi,5,4,eel,7,octoboi,1,1379,600,1,1,600,0,Blue,fishy,6,1,castle_destroyed,826,27.53,False,138,135,414,14,0,28,7539,6895,5,-1,1.0000,213
Blue,7,octoboi,5,4,eel,7,octoboi,1,1379,600,1,1,600,0,Blue,fishy,10,1,castle_destroyed,826,27.53,False,83,81,249,8,0,28,7539,6895,5,-1,1.0000,168
Green,7,nom,3,0,-,7,nom,0,0,600,1,0,-1,0,Green,minisnecko,0,1,castle_destroyed,236,7.87,False,0,0,0,0,0,0,2121,2121,3,-1,1.0000,156
Green,7,nom,3,0,-,7,nom,1,707,600,1,0,600,0,Green,minisnecko,1,1,force_destroyed,687,22.90,False,687,609,687,93,1394,0,2121,2121,0,687,0.5082,-1
Green,7,nom,3,0,-,7,nom,1,707,600,1,1,600,0,Green,minisnecko,2,1,force_destroyed,675,22.50,False,338,300,338,47,1045,0,2121,2121,0,675,0.5859,-1
Green,7,nom,3,0,-,7,nom,1,707,600,1,1,600,0,Green,minisnecko,3,1,force_destroyed,640,21.33,False,214,199,214,31,921,0,2121,2121,0,640,0.8106,-1
Green,7,nom,3,0,-,7,nom,1,707,600,1,1,600,0,Green,minisnecko,6,1,force_destroyed,627,20.90,False,105,100,105,15,812,0,2121,2121,0,627,1.0000,-1
Green,7,nom,3,0,-,7,nom,0,0,600,1,0,-1,0,Green,minisnecko,10,1,castle_destroyed,364,12.13,False,37,36,37,9,0,0,2121,2121,3,-1,1.0000,236
Green,7,nom,3,4,snecko,7,nom,0,0,600,1,0,-1,0,Green,minisnecko,0,1,castle_destroyed,236,7.87,False,0,0,0,0,0,8,2289,2121,3,-1,1.0000,156
Green,7,nom,3,4,snecko,7,nom,1,707,600,1,1,600,0,Green,minisnecko,1,1,force_destroyed,751,25.03,False,751,647,751,104,1410,24,2625,2121,0,703,0.5082,-1
Green,7,nom,3,4,snecko,7,nom,1,707,600,1,1,600,0,Green,minisnecko,2,1,force_destroyed,702,23.40,False,351,319,351,42,1018,21,2562,2121,0,622,0.9241,-1
Green,7,nom,3,4,snecko,7,nom,0,0,600,1,0,-1,0,Green,minisnecko,3,1,castle_destroyed,513,17.10,False,171,168,171,28,0,18,2499,2121,3,-1,1.0000,345
Green,7,nom,3,4,snecko,7,nom,0,0,600,1,0,-1,0,Green,minisnecko,6,1,castle_destroyed,315,10.50,False,53,51,53,14,0,11,2352,2121,3,-1,1.0000,242
Green,7,nom,3,4,snecko,7,nom,0,0,600,1,0,-1,0,Green,minisnecko,10,1,castle_destroyed,251,8.37,False,26,25,26,8,0,9,2310,2121,3,-1,1.0000,187
Green,7,nom,5,0,-,7,nom,0,0,600,1,0,-1,0,Green,minisnecko,0,1,castle_destroyed,236,7.87,False,0,0,0,0,0,0,3535,3535,5,-1,1.0000,156
Green,7,nom,5,0,-,7,nom,1,707,600,1,0,600,0,Green,minisnecko,1,1,force_destroyed,817,27.23,False,817,730,817,124,1524,0,3535,3535,0,817,0.5082,-1
Green,7,nom,5,0,-,7,nom,1,707,600,1,1,600,0,Green,minisnecko,2,1,force_destroyed,689,22.97,False,345,300,345,47,1052,0,3535,3535,0,689,0.5929,-1
Green,7,nom,5,0,-,7,nom,1,707,600,1,1,600,0,Green,minisnecko,3,1,force_destroyed,623,20.77,False,208,199,208,31,915,0,3535,3535,0,623,0.9171,-1
Green,7,nom,5,0,-,7,nom,0,0,600,1,0,-1,0,Green,minisnecko,6,1,castle_destroyed,495,16.50,False,83,81,83,15,0,0,3535,3535,5,-1,1.0000,333
Green,7,nom,5,0,-,7,nom,0,0,600,1,0,-1,0,Green,minisnecko,10,1,castle_destroyed,296,9.87,False,30,29,30,9,0,0,3535,3535,5,-1,1.0000,236
Green,7,nom,5,4,snecko,7,nom,0,0,600,1,0,-1,0,Green,minisnecko,0,1,castle_destroyed,236,7.87,False,0,0,0,0,0,8,3703,3535,5,-1,1.0000,156
Green,7,nom,5,4,snecko,7,nom,1,707,600,1,0,600,0,Green,minisnecko,1,1,force_destroyed,1288,42.93,False,1288,1203,1288,95,1879,40,4375,3535,0,1172,0.5082,-1
Green,7,nom,5,4,snecko,7,nom,1,707,600,1,1,600,0,Green,minisnecko,2,1,force_destroyed,711,23.70,False,356,314,356,42,1023,22,3997,3535,0,631,0.9735,-1
Green,7,nom,5,4,snecko,7,nom,0,0,600,1,0,-1,0,Green,minisnecko,3,1,castle_destroyed,471,15.70,False,157,154,157,28,0,16,3871,3535,5,-1,1.0000,357
Green,7,nom,5,4,snecko,7,nom,0,0,600,1,0,-1,0,Green,minisnecko,6,1,castle_destroyed,299,9.97,False,50,49,50,14,0,10,3745,3535,5,-1,1.0000,242
Green,7,nom,5,4,snecko,7,nom,0,0,600,1,0,-1,0,Green,minisnecko,10,1,castle_destroyed,248,8.27,False,25,24,25,8,0,9,3724,3535,5,-1,1.0000,187
Orange,7,tiger,3,0,-,7,tiger,0,0,600,1,0,-1,0,Orange,phil,0,1,castle_destroyed,588,19.60,False,0,0,0,0,0,0,5019,5019,3,-1,1.0000,426
Orange,7,tiger,3,0,-,7,tiger,1,1673,600,1,1,600,0,Orange,phil,1,1,force_destroyed,1304,43.47,False,1304,1114,5216,449,6889,0,5019,5019,0,1304,0.3271,-1
Orange,7,tiger,3,0,-,7,tiger,1,1673,600,1,1,600,0,Orange,phil,2,1,force_destroyed,1105,36.83,False,553,426,2212,130,3885,0,5019,5019,0,1105,0.3282,-1
Orange,7,tiger,3,0,-,7,tiger,1,1673,600,1,1,600,0,Orange,phil,3,1,force_destroyed,1107,36.90,False,369,290,1476,84,3149,0,5019,5019,0,1107,0.3294,-1
Orange,7,tiger,3,0,-,7,tiger,1,1673,600,1,1,600,0,Orange,phil,6,1,force_destroyed,1927,64.23,False,322,284,1288,49,2961,0,5019,5019,0,1927,0.4335,-1
Orange,7,tiger,3,0,-,7,tiger,1,1673,600,1,1,600,0,Orange,phil,10,1,force_destroyed,2058,68.60,False,206,183,824,53,2497,0,5019,5019,0,2058,0.4588,-1
Orange,7,tiger,3,4,basketball,7,tiger,0,0,600,1,0,-1,0,Orange,phil,0,1,castle_destroyed,468,15.60,False,0,0,0,0,0,16,5259,5019,3,-1,1.0000,75
Orange,7,tiger,3,4,basketball,7,tiger,1,1673,600,1,1,600,0,Orange,phil,1,1,force_destroyed,1723,57.43,False,1723,1533,6892,217,8469,57,5874,5019,0,1699,0.3624,-1
Orange,7,tiger,3,4,basketball,7,tiger,1,1673,600,1,1,600,0,Orange,phil,2,1,force_destroyed,1774,59.13,False,887,814,3548,81,5197,59,5904,5019,0,1761,0.4518,-1
Orange,7,tiger,3,4,basketball,7,tiger,1,1673,600,1,1,600,0,Orange,phil,3,1,force_destroyed,1791,59.70,False,597,541,2388,61,4025,59,5904,5019,0,1764,0.6206,-1
Orange,7,tiger,3,4,basketball,7,tiger,1,1673,600,1,0,600,0,Orange,phil,6,1,castle_destroyed,2033,67.77,False,339,337,1356,22,0,68,6039,5019,1,-1,1.0000,615
Orange,7,tiger,3,4,basketball,7,tiger,0,0,600,1,0,-1,0,Orange,phil,10,1,castle_destroyed,588,19.60,False,59,58,236,8,0,20,5319,5019,3,-1,1.0000,314
Orange,7,tiger,5,0,-,7,tiger,0,0,600,1,0,-1,0,Orange,phil,0,1,castle_destroyed,552,18.40,False,0,0,0,0,0,0,8365,8365,5,-1,1.0000,426
Orange,7,tiger,5,0,-,7,tiger,1,1673,600,1,1,600,0,Orange,phil,1,1,force_destroyed,1107,36.90,False,1107,893,4428,264,6101,0,8365,8365,0,1107,0.3271,-1
Orange,7,tiger,5,0,-,7,tiger,1,1673,600,1,0,600,0,Orange,phil,2,1,force_destroyed,2374,79.13,False,1187,1092,4748,212,6421,0,8365,8365,0,2374,0.3282,-1
Orange,7,tiger,5,0,-,7,tiger,1,1673,600,1,1,600,0,Orange,phil,3,1,force_destroyed,1421,47.37,False,474,412,1896,72,3569,0,8365,8365,0,1421,0.3600,-1
Orange,7,tiger,5,0,-,7,tiger,1,1673,600,1,0,600,0,Orange,phil,6,1,force_destroyed,2855,95.17,False,476,436,1904,48,3577,0,8365,8365,0,2855,0.4782,-1
Orange,7,tiger,5,0,-,7,tiger,1,1673,600,1,0,600,0,Orange,phil,10,1,force_destroyed,2501,83.37,False,251,231,1004,25,2677,0,8365,8365,0,2501,0.6235,-1
Orange,7,tiger,5,4,basketball,7,tiger,0,0,600,1,0,-1,0,Orange,phil,0,1,castle_destroyed,468,15.60,False,0,0,0,0,0,16,8605,8365,5,-1,1.0000,75
Orange,7,tiger,5,4,basketball,7,tiger,1,1673,600,1,0,600,0,Orange,phil,1,1,force_destroyed,2324,77.47,False,2324,2135,9296,219,10885,77,9520,8365,0,2303,0.3624,-1
Orange,7,tiger,5,4,basketball,7,tiger,1,1673,600,1,0,600,0,Orange,phil,2,1,force_destroyed,2801,93.37,False,1401,1329,5604,77,7229,93,9760,8365,0,2777,0.5000,-1
Orange,7,tiger,5,4,basketball,7,tiger,1,1673,600,1,0,600,0,Orange,phil,3,1,force_destroyed,5028,167.60,False,1676,1658,6704,50,8281,166,10855,8365,0,4955,1.0000,4395
Orange,7,tiger,5,4,basketball,7,tiger,1,1673,600,1,1,600,0,Orange,phil,6,1,castle_destroyed,1510,50.33,False,252,249,1008,22,0,51,9130,8365,5,-1,1.0000,584
Orange,7,tiger,5,4,basketball,7,tiger,0,0,600,1,0,-1,0,Orange,phil,10,1,castle_destroyed,552,18.40,False,56,54,224,8,0,19,8650,8365,5,-1,1.0000,314
Purple,7,monky,3,0,-,7,monky,0,0,600,1,0,-1,0,Purple,cant,0,1,castle_destroyed,586,19.53,False,0,0,0,0,0,0,5754,5754,3,-1,1.0000,426
Purple,7,monky,3,0,-,7,monky,1,1918,600,1,1,600,0,Purple,cant,1,1,force_destroyed,1223,40.77,False,1223,1044,1223,197,3141,0,5754,5754,0,1223,0.2659,-1
Purple,7,monky,3,0,-,7,monky,1,1918,600,1,1,600,0,Purple,cant,2,1,force_destroyed,1569,52.30,False,785,705,785,130,2703,0,5754,5754,0,1569,0.3506,-1
Purple,7,monky,3,0,-,7,monky,1,1918,600,1,0,600,0,Purple,cant,3,1,force_destroyed,2418,80.60,False,806,752,806,87,2724,0,5754,5754,0,2418,0.3506,-1
Purple,7,monky,3,0,-,7,monky,1,1918,600,1,1,600,0,Purple,cant,6,1,force_destroyed,1311,43.70,False,219,189,219,36,2137,0,5754,5754,0,1311,0.4180,-1
Purple,7,monky,3,0,-,7,monky,1,1918,600,1,0,600,0,Purple,cant,10,1,force_destroyed,1446,48.20,False,145,128,145,20,2063,0,5754,5754,0,1446,0.7341,-1
Purple,7,monky,3,4,spike,7,monky,0,0,600,1,0,-1,0,Purple,cant,0,1,castle_destroyed,556,18.53,False,0,0,0,0,0,19,6229,5754,3,-1,1.0000,244
Purple,7,monky,3,4,spike,7,monky,1,1918,600,1,1,600,0,Purple,cant,1,1,force_destroyed,1278,42.60,False,1278,1137,1278,148,3156,42,6804,5754,0,1238,0.3200,-1
Purple,7,monky,3,4,spike,7,monky,1,1918,600,1,0,600,0,Purple,cant,2,1,force_destroyed,3053,101.77,False,1527,1492,1527,60,3366,97,8179,5754,0,2896,0.6165,-1
Purple,7,monky,3,4,spike,7,monky,1,1918,600,1,0,600,0,Purple,cant,3,1,force_destroyed,5122,170.73,False,1708,1697,1708,40,3537,162,9804,5754,0,4855,1.0000,1836
Purple,7,monky,3,4,spike,7,monky,1,1918,600,1,0,600,0,Purple,cant,6,1,castle_destroyed,1467,48.90,False,245,243,245,19,0,49,6979,5754,3,-1,1.0000,609
Purple,7,monky,3,4,spike,7,monky,1,1918,600,1,1,600,0,Purple,cant,10,1,castle_destroyed,716,23.87,False,72,70,72,11,0,24,6354,5754,3,-1,1.0000,424
Purple,7,monky,5,0,-,7,monky,0,0,600,1,0,-1,0,Purple,cant,0,1,castle_destroyed,551,18.37,False,0,0,0,0,0,0,9590,9590,5,-1,1.0000,426
Purple,7,monky,5,0,-,7,monky,1,1918,600,1,0,600,0,Purple,cant,1,1,force_destroyed,1455,48.50,False,1455,1313,1455,257,3373,0,9590,9590,0,1455,0.2659,-1
Purple,7,monky,5,0,-,7,monky,1,1918,600,1,0,600,0,Purple,cant,2,1,force_destroyed,2053,68.43,False,1027,956,1027,130,2945,0,9590,9590,0,2053,0.3506,-1
Purple,7,monky,5,0,-,7,monky,1,1918,600,1,0,600,0,Purple,cant,3,1,force_destroyed,1449,48.30,False,483,424,483,80,2401,0,9590,9590,0,1449,0.3506,-1
Purple,7,monky,5,0,-,7,monky,1,1918,600,1,0,600,0,Purple,cant,6,1,force_destroyed,1702,56.73,False,284,257,284,75,2202,0,9590,9590,0,1702,0.4180,-1
Purple,7,monky,5,0,-,7,monky,1,1918,600,1,0,600,0,Purple,cant,10,1,force_destroyed,1523,50.77,False,153,134,153,20,2071,0,9590,9590,0,1523,0.7412,-1
Purple,7,monky,5,4,spike,7,monky,0,0,600,1,0,-1,0,Purple,cant,0,1,castle_destroyed,546,18.20,False,0,0,0,0,0,19,10065,9590,5,-1,1.0000,244
Purple,7,monky,5,4,spike,7,monky,1,1918,600,1,0,600,0,Purple,cant,1,1,force_destroyed,1539,51.30,False,1539,1390,1539,151,3419,51,10865,9590,0,1501,0.3200,-1
Purple,7,monky,5,4,spike,7,monky,1,1918,600,1,0,600,0,Purple,cant,2,1,force_destroyed,3018,100.60,False,1509,1473,1509,60,3346,96,11990,9590,0,2856,0.5835,-1
Purple,7,monky,5,4,spike,7,monky,1,1918,600,1,1,600,0,Purple,cant,3,1,force_destroyed,1934,64.47,False,645,618,645,40,2520,61,11115,9590,0,1804,0.8541,-1
Purple,7,monky,5,4,spike,7,monky,1,1918,600,1,1,600,0,Purple,cant,6,1,castle_destroyed,720,24.00,False,120,118,120,19,0,24,10190,9590,5,-1,1.0000,564
Purple,7,monky,5,4,spike,7,monky,1,1918,600,1,1,600,0,Purple,cant,10,1,castle_destroyed,611,20.37,False,62,60,62,11,0,21,10115,9590,5,-1,1.0000,424
Red,7,caw,3,0,-,7,caw,0,0,600,1,0,-1,0,Red,derpyberd,0,1,castle_destroyed,351,11.70,False,0,0,0,0,0,0,7083,7083,3,-1,1.0000,244
Red,7,caw,3,0,-,7,caw,1,2361,600,1,1,600,0,Red,derpyberd,1,1,force_destroyed,1287,42.90,False,1287,1045,1287,276,3648,0,7083,7083,0,1287,0.5312,-1
Red,7,caw,3,0,-,7,caw,1,2361,600,1,1,600,0,Red,derpyberd,2,1,force_destroyed,1286,42.87,False,643,550,643,116,3004,0,7083,7083,0,1286,0.5771,-1
Red,7,caw,3,0,-,7,caw,1,2361,600,1,1,600,0,Red,derpyberd,3,1,force_destroyed,2004,66.80,False,668,579,668,149,3029,0,7083,7083,0,2004,0.6018,-1
Red,7,caw,3,0,-,7,caw,1,2361,600,1,0,600,0,Red,derpyberd,6,1,force_destroyed,3946,131.53,False,658,606,658,71,3019,0,7083,7083,0,3946,0.7129,-1
Red,7,caw,3,0,-,7,caw,1,2361,600,1,0,600,0,Red,derpyberd,10,1,castle_destroyed,4410,147.00,False,441,440,441,16,0,0,7083,7083,3,-1,1.0000,2372
Red,7,caw,3,4,lobbo,7,caw,0,0,600,1,0,-1,0,Red,derpyberd,0,1,castle_destroyed,338,11.27,False,0,0,0,0,0,12,7239,7083,3,-1,1.0000,143
Red,7,caw,3,4,lobbo,7,caw,1,2361,600,1,1,600,0,Red,derpyberd,1,1,force_destroyed,1761,58.70,False,1761,1602,1761,160,4043,57,7824,7083,0,1682,0.6353,-1
Red,7,caw,3,4,lobbo,7,caw,1,2361,600,1,0,600,0,Red,derpyberd,2,1,castle_destroyed,2069,68.97,False,1035,1027,1035,50,0,69,7980,7083,3,-1,1.0000,997
Red,7,caw,3,4,lobbo,7,caw,1,2361,600,1,1,600,0,Red,derpyberd,3,1,force_destroyed,1265,42.17,False,422,405,422,33,2736,38,7577,7083,0,1124,1.0000,525
Red,7,caw,3,4,lobbo,7,caw,0,0,600,1,0,-1,0,Red,derpyberd,6,1,castle_destroyed,398,13.27,False,67,64,67,17,0,14,7265,7083,3,-1,1.0000,263
Red,7,caw,3,4,lobbo,7,caw,0,0,600,1,0,-1,0,Red,derpyberd,10,1,castle_destroyed,338,11.27,False,34,33,34,10,0,12,7239,7083,3,-1,1.0000,188
Red,7,caw,5,0,-,7,caw,0,0,600,1,0,-1,0,Red,derpyberd,0,1,castle_destroyed,338,11.27,False,0,0,0,0,0,0,11805,11805,5,-1,1.0000,244
Red,7,caw,5,0,-,7,caw,1,2361,600,1,0,600,0,Red,derpyberd,1,1,force_destroyed,2324,77.47,False,2324,2077,2324,326,4685,0,11805,11805,0,2324,0.5312,-1
Red,7,caw,5,0,-,7,caw,1,2361,600,1,0,600,0,Red,derpyberd,2,1,force_destroyed,2743,91.43,False,1372,1245,1372,233,3733,0,11805,11805,0,2743,0.5729,-1
Red,7,caw,5,0,-,7,caw,1,2361,600,1,1,600,0,Red,derpyberd,3,1,force_destroyed,1184,39.47,False,395,342,395,63,2756,0,11805,11805,0,1184,0.6594,-1
Red,7,caw,5,0,-,7,caw,1,2361,600,1,0,600,0,Red,derpyberd,6,1,force_destroyed,3527,117.57,False,588,576,588,28,2949,0,11805,11805,0,3527,0.9724,-1
Red,7,caw,5,0,-,7,caw,1,2361,600,1,0,600,0,Red,derpyberd,10,1,force_destroyed,4578,152.60,False,458,428,458,31,2819,0,11805,11805,0,4578,0.9806,-1
Red,7,caw,5,4,lobbo,7,caw,0,0,600,1,0,-1,0,Red,derpyberd,0,1,castle_destroyed,334,11.13,False,0,0,0,0,0,12,11961,11805,5,-1,1.0000,143
Red,7,caw,5,4,lobbo,7,caw,1,2361,600,1,1,600,0,Red,derpyberd,1,1,force_destroyed,1690,56.33,False,1690,1549,1690,143,4004,55,12520,11805,0,1643,0.6353,-1
Red,7,caw,5,4,lobbo,7,caw,1,2361,600,1,0,600,0,Red,derpyberd,2,1,castle_destroyed,2041,68.03,False,1021,1013,1021,50,0,69,12702,11805,5,-1,1.0000,997
Red,7,caw,5,4,lobbo,7,caw,1,2361,600,1,1,600,0,Red,derpyberd,3,1,castle_destroyed,804,26.80,False,268,262,268,33,0,27,12156,11805,5,-1,1.0000,495
Red,7,caw,5,4,lobbo,7,caw,0,0,600,1,0,-1,0,Red,derpyberd,6,1,castle_destroyed,390,13.00,False,65,63,65,17,0,13,11974,11805,5,-1,1.0000,263
Red,7,caw,5,4,lobbo,7,caw,0,0,600,1,0,-1,0,Red,derpyberd,10,1,castle_destroyed,334,11.13,False,34,32,34,10,0,12,11961,11805,5,-1,1.0000,188
White,7,eggo,3,0,-,7,eggo,0,0,600,1,0,-1,0,White,doggo,0,1,castle_destroyed,247,8.23,False,0,0,0,0,0,0,6198,6198,3,-1,1.0000,171
White,7,eggo,3,0,-,7,eggo,1,2066,600,1,0,600,0,White,doggo,1,1,force_destroyed,938,31.27,False,938,742,2814,214,4880,0,6198,6198,0,938,0.6235,-1
White,7,eggo,3,0,-,7,eggo,1,2066,600,1,0,600,0,White,doggo,2,1,force_destroyed,1227,40.90,False,614,504,1842,111,3908,0,6198,6198,0,1227,0.6265,-1
White,7,eggo,3,0,-,7,eggo,1,2066,600,1,0,600,0,White,doggo,3,1,force_destroyed,2295,76.50,False,765,736,2295,54,4361,0,6198,6198,0,2295,0.8035,-1
White,7,eggo,3,0,-,7,eggo,1,2066,600,1,0,600,0,White,doggo,6,1,force_destroyed,2300,76.67,False,384,362,1152,26,3218,0,6198,6198,0,2300,0.7912,-1
White,7,eggo,3,0,-,7,eggo,1,2066,600,1,0,600,0,White,doggo,10,1,castle_destroyed,2354,78.47,False,236,234,708,14,0,0,6198,6198,2,-1,1.0000,1394
White,7,eggo,3,4,ringo,7,eggo,0,0,600,1,0,-1,0,White,doggo,0,1,castle_destroyed,247,8.23,False,0,0,0,0,0,9,6360,6198,3,-1,1.0000,132
White,7,eggo,3,4,ringo,7,eggo,1,2066,600,1,1,600,0,White,doggo,1,1,force_destroyed,744,24.80,False,744,605,2232,144,4067,23,6612,6198,0,667,0.6706,-1
White,7,eggo,3,4,ringo,7,eggo,1,2066,600,1,0,600,0,White,doggo,2,1,force_destroyed,760,25.33,False,380,368,1140,48,2993,21,6576,6198,0,617,0.9706,-1
White,7,eggo,3,4,ringo,7,eggo,1,2066,600,1,1,600,0,White,doggo,3,1,force_destroyed,749,24.97,False,250,233,750,32,2678,21,6576,6198,0,611,1.0000,441
White,7,eggo,3,4,ringo,7,eggo,0,0,600,1,0,-1,0,White,doggo,6,1,castle_destroyed,367,12.23,False,62,59,186,16,0,13,6432,6198,3,-1,1.0000,231
White,7,eggo,3,4,ringo,7,eggo,0,0,600,1,0,-1,0,White,doggo,10,1,castle_destroyed,290,9.67,False,29,28,87,9,0,10,6378,6198,3,-1,1.0000,198
White,7,eggo,5,0,-,7,eggo,0,0,600,1,0,-1,0,White,doggo,0,1,castle_destroyed,247,8.23,False,0,0,0,0,0,0,10330,10330,5,-1,1.0000,171
White,7,eggo,5,0,-,7,eggo,1,2066,600,1,0,600,0,White,doggo,1,1,force_destroyed,958,31.93,False,958,761,2874,207,4940,0,10330,10330,0,958,0.6235,-1
White,7,eggo,5,0,-,7,eggo,1,2066,600,1,1,600,0,White,doggo,2,1,force_destroyed,671,22.37,False,336,277,1008,80,3074,0,10330,10330,0,671,0.6718,-1
White,7,eggo,5,0,-,7,eggo,1,2066,600,1,0,600,0,White,doggo,3,1,force_destroyed,1703,56.77,False,568,519,1704,59,3770,0,10330,10330,0,1703,0.7253,-1
White,7,eggo,5,0,-,7,eggo,1,2066,600,1,0,600,0,White,doggo,6,1,force_destroyed,2630,87.67,False,439,421,1317,24,3383,0,10330,10330,0,2630,0.9124,-1
White,7,eggo,5,0,-,7,eggo,1,2066,600,1,1,600,0,White,doggo,10,1,force_destroyed,611,20.37,False,62,58,186,14,2252,0,10330,10330,0,611,1.0000,551
White,7,eggo,5,4,ringo,7,eggo,0,0,600,1,0,-1,0,White,doggo,0,1,castle_destroyed,247,8.23,False,0,0,0,0,0,9,10492,10330,5,-1,1.0000,132
White,7,eggo,5,4,ringo,7,eggo,1,2066,600,1,0,600,0,White,doggo,1,1,force_destroyed,1783,59.43,False,1783,1627,5349,160,7256,58,11374,10330,0,1730,0.6706,-1
White,7,eggo,5,4,ringo,7,eggo,1,2066,600,1,0,600,0,White,doggo,2,1,castle_destroyed,2713,90.43,False,1357,1349,4071,48,0,91,11968,10330,1,-1,1.0000,793
White,7,eggo,5,4,ringo,7,eggo,0,0,600,1,0,-1,0,White,doggo,3,1,castle_destroyed,543,18.10,False,181,176,543,32,0,19,10672,10330,5,-1,1.0000,453
White,7,eggo,5,4,ringo,7,eggo,0,0,600,1,0,-1,0,White,doggo,6,1,castle_destroyed,324,10.80,False,54,52,162,16,0,11,10528,10330,5,-1,1.0000,231
White,7,eggo,5,4,ringo,7,eggo,0,0,600,1,0,-1,0,White,doggo,10,1,castle_destroyed,261,8.70,False,27,25,81,9,0,9,10492,10330,5,-1,1.0000,198
Yellow,7,deus,3,0,-,7,deus,1,1281,600,1,1,600,0,Yellow,minnow,0,1,castle_destroyed,612,20.40,False,0,-1,0,1,0,0,3843,3843,3,-1,1.0000,426
Yellow,7,deus,3,0,-,7,deus,1,1281,600,1,1,600,0,Yellow,minnow,1,1,force_destroyed,1311,43.70,False,1311,1154,2622,222,3903,0,3843,3843,0,1311,0.2659,-1
Yellow,7,deus,3,0,-,7,deus,1,1281,600,1,0,600,0,Yellow,minnow,2,1,force_destroyed,1699,56.63,False,850,770,1700,135,2981,0,3843,3843,0,1699,0.2682,-1
Yellow,7,deus,3,0,-,7,deus,1,1281,600,1,1,600,0,Yellow,minnow,3,1,force_destroyed,1506,50.20,False,502,454,1004,119,2285,0,3843,3843,0,1506,0.3388,-1
Yellow,7,deus,3,0,-,7,deus,1,1281,600,1,0,600,0,Yellow,minnow,6,1,force_destroyed,2650,88.33,False,442,417,884,48,2165,0,3843,3843,0,2650,0.4700,-1
Yellow,7,deus,3,0,-,7,deus,1,1281,600,1,1,600,0,Yellow,minnow,10,1,force_destroyed,1240,41.33,False,124,109,248,19,1529,0,3843,3843,0,1240,0.7035,-1
Yellow,7,deus,3,4,doc,7,deus,0,0,600,1,0,-1,0,Yellow,minnow,0,1,castle_destroyed,552,18.40,False,0,0,0,0,0,19,4166,3843,3,-1,1.0000,143
Yellow,7,deus,3,4,doc,7,deus,1,1281,600,1,0,600,0,Yellow,minnow,1,1,force_destroyed,2884,96.13,False,2884,2746,5768,148,7041,96,5475,3843,0,2880,0.3906,-1
Yellow,7,deus,3,4,doc,7,deus,1,1281,600,1,0,600,0,Yellow,minnow,2,1,force_destroyed,3812,127.07,False,1906,1900,3812,40,4921,122,5917,3843,0,3640,1.0000,697
Yellow,7,deus,3,4,doc,7,deus,1,1281,600,1,1,600,0,Yellow,minnow,3,1,castle_destroyed,1146,38.20,False,382,378,764,27,0,39,4506,3843,3,-1,1.0000,516
Yellow,7,deus,3,4,doc,7,deus,0,0,600,1,0,-1,0,Yellow,minnow,6,1,castle_destroyed,594,19.80,False,99,98,198,13,0,20,4183,3843,3,-1,1.0000,235
Yellow,7,deus,3,4,doc,7,deus,1,1281,600,1,1,600,0,Yellow,minnow,10,1,castle_destroyed,612,20.40,False,62,60,124,8,0,21,4200,3843,3,-1,1.0000,182
Yellow,7,deus,5,0,-,7,deus,0,0,600,1,0,-1,0,Yellow,minnow,0,1,castle_destroyed,570,19.00,False,0,0,0,0,0,0,6405,6405,5,-1,1.0000,426
Yellow,7,deus,5,0,-,7,deus,1,1281,600,1,0,600,0,Yellow,minnow,1,1,force_destroyed,2386,79.53,False,2386,2220,4772,229,6053,0,6405,6405,0,2386,0.2659,-1
Yellow,7,deus,5,0,-,7,deus,1,1281,600,1,0,600,0,Yellow,minnow,2,1,force_destroyed,2242,74.73,False,1121,1054,2242,93,3523,0,6405,6405,0,2242,0.2706,-1
Yellow,7,deus,5,0,-,7,deus,1,1281,600,1,0,600,0,Yellow,minnow,3,1,force_destroyed,2668,88.93,False,890,843,1780,57,3061,0,6405,6405,0,2668,0.4094,-1
Yellow,7,deus,5,0,-,7,deus,1,1281,600,1,0,600,0,Yellow,minnow,6,1,force_destroyed,2951,98.37,False,492,464,984,37,2265,0,6405,6405,0,2951,0.5812,-1
Yellow,7,deus,5,0,-,7,deus,1,1281,600,1,1,600,0,Yellow,minnow,10,1,force_destroyed,1436,47.87,False,144,125,288,26,1569,0,6405,6405,0,1436,0.8776,-1
Yellow,7,deus,5,4,doc,7,deus,0,0,600,1,0,-1,0,Yellow,minnow,0,1,castle_destroyed,540,18.00,False,0,0,0,0,0,18,6711,6405,5,-1,1.0000,143
Yellow,7,deus,5,4,doc,7,deus,1,1281,600,1,0,600,0,Yellow,minnow,1,1,force_destroyed,3039,101.30,False,3039,2906,6078,145,7337,101,8122,6405,0,3028,0.3906,-1
Yellow,7,deus,5,4,doc,7,deus,1,1281,600,1,0,600,0,Yellow,minnow,2,1,force_destroyed,5522,184.07,False,2761,2755,5522,40,6629,179,9448,6405,0,5348,1.0000,689
Yellow,7,deus,5,4,doc,7,deus,1,1281,600,1,1,600,0,Yellow,minnow,3,1,castle_destroyed,1014,33.80,False,338,334,676,27,0,34,6983,6405,5,-1,1.0000,516
Yellow,7,deus,5,4,doc,7,deus,0,0,600,1,0,-1,0,Yellow,minnow,6,1,castle_destroyed,558,18.60,False,93,92,186,13,0,19,6728,6405,5,-1,1.0000,235
Yellow,7,deus,5,4,doc,7,deus,0,0,600,1,0,-1,0,Yellow,minnow,10,1,castle_destroyed,579,19.30,False,58,57,116,8,0,20,6745,6405,5,-1,1.0000,182
