attacker_team,tier,attacker_unit,force_size,escort_tier,escort_unit,blocker_team,blocker_unit,interval_ticks,attacker_seat,outcome,ticks,seconds,beyond_game_limit,blockers_spawned,blockers_lost,blocker_spend,peak_blockers,spend_at_force_death,escorts_spawned,attacker_spend,force_spend,big_units_alive,force_died_tick,deepest_progress,first_castle_hit_tick
Black,8,evilguy,3,0,-,Black,evilminnow,0,1,castle_destroyed,881,29.37,False,0,0,0,0,0,0,42120,42120,3,-1,1.0000,851
Black,8,evilguy,3,0,-,Black,evilminnow,10,1,survived_horizon,36000,1200.00,True,3600,3591,7200,23,0,0,42120,42120,3,-1,1.0000,-1
Black,8,evilguy,3,0,-,Black,evilminnow,12,1,survived_horizon,36000,1200.00,True,3000,2993,6000,19,0,0,42120,42120,3,-1,1.0000,-1
Black,8,evilguy,3,0,-,Black,evilminnow,15,1,survived_horizon,36000,1200.00,True,2400,2395,4800,15,0,0,42120,42120,3,-1,1.0000,-1
Black,8,evilguy,3,0,-,Black,evilminnow,16,1,survived_horizon,36000,1200.00,True,2250,2245,4500,14,0,0,42120,42120,3,-1,1.0000,-1
Black,8,evilguy,3,0,-,Black,evilminnow,18,1,survived_horizon,36000,1200.00,True,2000,1996,4000,12,0,0,42120,42120,3,-1,1.0000,-1
Black,8,evilguy,3,0,-,Black,evilminnow,20,1,survived_horizon,36000,1200.00,True,1800,1796,3600,11,0,0,42120,42120,3,-1,1.0000,-1
Black,8,evilguy,3,0,-,Black,evilminnow,21,1,survived_horizon,36000,1200.00,True,1715,1711,3430,11,0,0,42120,42120,3,-1,1.0000,-1
Black,8,evilguy,3,0,-,Black,evilminnow,22,1,survived_horizon,36000,1200.00,True,1637,1633,3274,10,0,0,42120,42120,3,-1,1.0000,-1
Black,8,evilguy,3,0,-,Black,evilminnow,24,1,survived_horizon,36000,1200.00,True,1500,1497,3000,9,0,0,42120,42120,3,-1,1.0000,-1
Black,8,evilguy,3,0,-,Black,evilminnow,25,1,survived_horizon,36000,1200.00,True,1440,1438,2880,8,0,0,42120,42120,3,-1,1.0000,-1
Black,8,evilguy,3,0,-,Black,evilminnow,26,1,survived_horizon,36000,1200.00,True,1385,1382,2770,8,0,0,42120,42120,3,-1,1.0000,-1
Black,8,evilguy,3,0,-,Black,evilminnow,28,1,survived_horizon,36000,1200.00,True,1286,1283,2572,8,0,0,42120,42120,3,-1,1.0000,-1
Black,8,evilguy,3,0,-,Black,evilminnow,30,1,survived_horizon,36000,1200.00,True,1200,1198,2400,6,0,0,42120,42120,3,-1,1.0000,-1
Black,8,evilguy,3,0,-,Black,evilminnow,32,1,survived_horizon,36000,1200.00,True,1125,1123,2250,7,0,0,42120,42120,3,-1,1.0000,-1
Black,8,evilguy,3,0,-,Black,evilminnow,35,1,survived_horizon,36000,1200.00,True,1029,1027,2058,6,0,0,42120,42120,3,-1,1.0000,-1
Black,8,evilguy,3,0,-,Black,evilminnow,38,1,survived_horizon,36000,1200.00,True,948,946,1896,5,0,0,42120,42120,3,-1,1.0000,-1
Black,8,evilguy,3,0,-,Black,evilminnow,40,1,survived_horizon,36000,1200.00,True,900,899,1800,5,0,0,42120,42120,3,-1,1.0000,-1
Black,8,evilguy,4,0,-,Black,evilminnow,0,1,castle_destroyed,881,29.37,False,0,0,0,0,0,0,56160,56160,4,-1,1.0000,851
Black,8,evilguy,4,0,-,Black,evilminnow,10,1,survived_horizon,36000,1200.00,True,3600,3594,7200,20,0,0,56160,56160,4,-1,1.0000,-1
Black,8,evilguy,4,0,-,Black,evilminnow,12,1,survived_horizon,36000,1200.00,True,3000,2996,6000,17,0,0,56160,56160,4,-1,1.0000,-1
Black,8,evilguy,4,0,-,Black,evilminnow,15,1,survived_horizon,36000,1200.00,True,2400,2397,4800,13,0,0,56160,56160,4,-1,1.0000,-1
Black,8,evilguy,4,0,-,Black,evilminnow,16,1,survived_horizon,36000,1200.00,True,2250,2247,4500,13,0,0,56160,56160,4,-1,1.0000,-1
Black,8,evilguy,4,0,-,Black,evilminnow,18,1,survived_horizon,36000,1200.00,True,2000,1998,4000,11,0,0,56160,56160,4,-1,1.0000,-1
Black,8,evilguy,4,0,-,Black,evilminnow,20,1,survived_horizon,36000,1200.00,True,1800,1798,3600,10,0,0,56160,56160,4,-1,1.0000,-1
Black,8,evilguy,4,0,-,Black,evilminnow,21,1,survived_horizon,36000,1200.00,True,1715,1712,3430,10,0,0,56160,56160,4,-1,1.0000,-1
Black,8,evilguy,4,0,-,Black,evilminnow,22,1,survived_horizon,36000,1200.00,True,1637,1635,3274,9,0,0,56160,56160,4,-1,1.0000,-1
Black,8,evilguy,4,0,-,Black,evilminnow,24,1,survived_horizon,36000,1200.00,True,1500,1499,3000,8,0,0,56160,56160,4,-1,1.0000,-1
Black,8,evilguy,4,0,-,Black,evilminnow,25,1,survived_horizon,36000,1200.00,True,1440,1439,2880,8,0,0,56160,56160,4,-1,1.0000,-1
Black,8,evilguy,4,0,-,Black,evilminnow,26,1,survived_horizon,36000,1200.00,True,1385,1384,2770,7,0,0,56160,56160,4,-1,1.0000,-1
Black,8,evilguy,4,0,-,Black,evilminnow,28,1,castle_destroyed,3003,100.10,False,108,107,216,7,0,0,56160,56160,4,-1,1.0000,2553
Black,8,evilguy,4,0,-,Black,evilminnow,30,1,castle_destroyed,2409,80.30,False,81,80,162,6,0,0,56160,56160,4,-1,1.0000,2259
Black,8,evilguy,4,0,-,Black,evilminnow,32,1,castle_destroyed,6601,220.03,False,207,206,414,7,0,0,56160,56160,4,-1,1.0000,4201
Black,8,evilguy,4,0,-,Black,evilminnow,35,1,castle_destroyed,2701,90.03,False,78,77,156,6,0,0,56160,56160,4,-1,1.0000,2101
Black,8,evilguy,4,0,-,Black,evilminnow,38,1,castle_destroyed,3010,100.33,False,80,79,160,5,0,0,56160,56160,4,-1,1.0000,2860
Black,8,evilguy,4,0,-,Black,evilminnow,40,1,castle_destroyed,2551,85.03,False,64,64,128,5,0,0,56160,56160,4,-1,1.0000,2401
Black,8,evilguy,5,0,-,Black,evilminnow,0,1,castle_destroyed,881,29.37,False,0,0,0,0,0,0,70200,70200,5,-1,1.0000,851
Black,8,evilguy,5,0,-,Black,evilminnow,10,1,survived_horizon,36000,1200.00,True,3600,3597,7200,20,0,0,70200,70200,5,-1,1.0000,-1
Black,8,evilguy,5,0,-,Black,evilminnow,12,1,survived_horizon,36000,1200.00,True,3000,2999,6000,17,0,0,70200,70200,5,-1,1.0000,-1
Black,8,evilguy,5,0,-,Black,evilminnow,15,1,survived_horizon,36000,1200.00,True,2400,2399,4800,13,0,0,70200,70200,5,-1,1.0000,-1
Black,8,evilguy,5,0,-,Black,evilminnow,16,1,castle_destroyed,4201,140.03,False,263,262,526,12,0,0,70200,70200,5,-1,1.0000,3001
Black,8,evilguy,5,0,-,Black,evilminnow,18,1,castle_destroyed,2708,90.27,False,151,150,302,11,0,0,70200,70200,5,-1,1.0000,2258
Black,8,evilguy,5,0,-,Black,evilminnow,20,1,castle_destroyed,2707,90.23,False,136,135,272,10,0,0,70200,70200,5,-1,1.0000,2407
Black,8,evilguy,5,0,-,Black,evilminnow,21,1,castle_destroyed,4209,140.30,False,201,200,402,9,0,0,70200,70200,5,-1,1.0000,3159
Black,8,evilguy,5,0,-,Black,evilminnow,22,1,castle_destroyed,6763,225.43,False,308,307,616,9,0,0,70200,70200,5,-1,1.0000,5113
Black,8,evilguy,5,0,-,Black,evilminnow,24,1,survived_horizon,36000,1200.00,True,1500,1499,3000,8,0,0,70200,70200,5,-1,1.0000,-1
Black,8,evilguy,5,0,-,Black,evilminnow,25,1,survived_horizon,36000,1200.00,True,1440,1439,2880,8,0,0,70200,70200,5,-1,1.0000,-1
Black,8,evilguy,5,0,-,Black,evilminnow,26,1,castle_destroyed,6926,230.87,False,267,266,534,7,0,0,70200,70200,5,-1,1.0000,4976
Black,8,evilguy,5,0,-,Black,evilminnow,28,1,castle_destroyed,2101,70.03,False,76,75,152,7,0,0,70200,70200,5,-1,1.0000,1801
Black,8,evilguy,5,0,-,Black,evilminnow,30,1,castle_destroyed,1690,56.33,False,57,56,114,6,0,0,70200,70200,5,-1,1.0000,1540
Black,8,evilguy,5,0,-,Black,evilminnow,32,1,castle_destroyed,4201,140.03,False,132,131,264,7,0,0,70200,70200,5,-1,1.0000,4201
Black,8,evilguy,5,0,-,Black,evilminnow,35,1,castle_destroyed,1409,46.97,False,41,40,82,5,0,0,70200,70200,5,-1,1.0000,1228
Black,8,evilguy,5,0,-,Black,evilminnow,38,1,castle_destroyed,1174,39.13,False,31,31,62,5,0,0,70200,70200,5,-1,1.0000,1024
Black,8,evilguy,5,0,-,Black,evilminnow,40,1,castle_destroyed,1126,37.53,False,29,28,58,5,0,0,70200,70200,5,-1,1.0000,997
Blue,8,lightningbear,3,0,-,Blue,fishy,0,1,castle_destroyed,456,15.20,False,0,0,0,0,0,0,58248,58248,3,-1,1.0000,426
Blue,8,lightningbear,3,0,-,Blue,fishy,10,1,survived_horizon,36000,1200.00,True,3600,3598,10800,22,0,0,58248,58248,3,-1,1.0000,-1
Blue,8,lightningbear,3,0,-,Blue,fishy,12,1,survived_horizon,36000,1200.00,True,3000,2999,9000,18,0,0,58248,58248,3,-1,1.0000,-1
Blue,8,lightningbear,3,0,-,Blue,fishy,15,1,survived_horizon,36000,1200.00,True,2400,2399,7200,14,0,0,58248,58248,3,-1,1.0000,-1
Blue,8,lightningbear,3,0,-,Blue,fishy,16,1,survived_horizon,36000,1200.00,True,2250,2249,6750,14,0,0,58248,58248,3,-1,1.0000,-1
Blue,8,lightningbear,3,0,-,Blue,fishy,18,1,survived_horizon,36000,1200.00,True,2000,1999,6000,12,0,0,58248,58248,3,-1,1.0000,-1
Blue,8,lightningbear,3,0,-,Blue,fishy,20,1,survived_horizon,36000,1200.00,True,1800,1799,5400,11,0,0,58248,58248,3,-1,1.0000,-1
Blue,8,lightningbear,3,0,-,Blue,fishy,21,1,survived_horizon,36000,1200.00,True,1715,1714,5145,10,0,0,58248,58248,3,-1,1.0000,-1
Blue,8,lightningbear,3,0,-,Blue,fishy,22,1,survived_horizon,36000,1200.00,True,1637,1636,4911,10,0,0,58248,58248,3,-1,1.0000,-1
Blue,8,lightningbear,3,0,-,Blue,fishy,24,1,survived_horizon,36000,1200.00,True,1500,1500,4500,9,0,0,58248,58248,3,-1,1.0000,-1
Blue,8,lightningbear,3,0,-,Blue,fishy,25,1,survived_horizon,36000,1200.00,True,1440,1440,4320,8,0,0,58248,58248,3,-1,1.0000,-1
Blue,8,lightningbear,3,0,-,Blue,fishy,26,1,survived_horizon,36000,1200.00,True,1385,1384,4155,8,0,0,58248,58248,3,-1,1.0000,-1
Blue,8,lightningbear,3,0,-,Blue,fishy,28,1,survived_horizon,36000,1200.00,True,1286,1285,3858,7,0,0,58248,58248,3,-1,1.0000,-1
Blue,8,lightningbear,3,0,-,Blue,fishy,30,1,survived_horizon,36000,1200.00,True,1200,1200,3600,7,0,0,58248,58248,3,-1,1.0000,-1
Blue,8,lightningbear,3,0,-,Blue,fishy,32,1,castle_destroyed,5772,192.40,False,181,180,543,7,0,0,58248,58248,3,-1,1.0000,3372
Blue,8,lightningbear,3,0,-,Blue,fishy,35,1,castle_destroyed,2776,92.53,False,80,79,240,6,0,0,58248,58248,3,-1,1.0000,1726
Blue,8,lightningbear,3,0,-,Blue,fishy,38,1,castle_destroyed,5331,177.70,False,141,140,423,5,0,0,58248,58248,3,-1,1.0000,2481
Blue,8,lightningbear,3,0,-,Blue,fishy,40,1,survived_horizon,36000,1200.00,True,900,900,2700,5,0,0,58248,58248,3,-1,1.0000,-1
Blue,8,lightningbear,4,0,-,Blue,fishy,0,1,castle_destroyed,456,15.20,False,0,0,0,0,0,0,77664,77664,4,-1,1.0000,426
Blue,8,lightningbear,4,0,-,Blue,fishy,10,1,survived_horizon,36000,1200.00,True,3600,3598,10800,19,0,0,77664,77664,4,-1,1.0000,-1
Blue,8,lightningbear,4,0,-,Blue,fishy,12,1,survived_horizon,36000,1200.00,True,3000,2999,9000,17,0,0,77664,77664,4,-1,1.0000,-1
Blue,8,lightningbear,4,0,-,Blue,fishy,15,1,survived_horizon,36000,1200.00,True,2400,2399,7200,13,0,0,77664,77664,4,-1,1.0000,-1
Blue,8,lightningbear,4,0,-,Blue,fishy,16,1,survived_horizon,36000,1200.00,True,2250,2249,6750,13,0,0,77664,77664,4,-1,1.0000,-1
Blue,8,lightningbear,4,0,-,Blue,fishy,18,1,survived_horizon,36000,1200.00,True,2000,1999,6000,11,0,0,77664,77664,4,-1,1.0000,-1
Blue,8,lightningbear,4,0,-,Blue,fishy,20,1,survived_horizon,36000,1200.00,True,1800,1799,5400,9,0,0,77664,77664,4,-1,1.0000,-1
Blue,8,lightningbear,4,0,-,Blue,fishy,21,1,survived_horizon,36000,1200.00,True,1715,1714,5145,9,0,0,77664,77664,4,-1,1.0000,-1
Blue,8,lightningbear,4,0,-,Blue,fishy,22,1,survived_horizon,36000,1200.00,True,1637,1636,4911,8,0,0,77664,77664,4,-1,1.0000,-1
Blue,8,lightningbear,4,0,-,Blue,fishy,24,1,survived_horizon,36000,1200.00,True,1500,1500,4500,8,0,0,77664,77664,4,-1,1.0000,-1
Blue,8,lightningbear,4,0,-,Blue,fishy,25,1,survived_horizon,36000,1200.00,True,1440,1440,4320,7,0,0,77664,77664,4,-1,1.0000,-1
Blue,8,lightningbear,4,0,-,Blue,fishy,26,1,survived_horizon,36000,1200.00,True,1385,1384,4155,7,0,0,77664,77664,4,-1,1.0000,-1
Blue,8,lightningbear,4,0,-,Blue,fishy,28,1,castle_destroyed,2840,94.67,False,102,101,306,7,0,0,77664,77664,4,-1,1.0000,2390
Blue,8,lightningbear,4,0,-,Blue,fishy,30,1,survived_horizon,36000,1200.00,True,1200,1200,3600,6,0,0,77664,77664,4,-1,1.0000,-1
Blue,8,lightningbear,4,0,-,Blue,fishy,32,1,castle_destroyed,5772,192.40,False,181,180,543,6,0,0,77664,77664,4,-1,1.0000,3372
Blue,8,lightningbear,4,0,-,Blue,fishy,35,1,castle_destroyed,1726,57.53,False,50,49,150,5,0,0,77664,77664,4,-1,1.0000,1340
Blue,8,lightningbear,4,0,-,Blue,fishy,38,1,castle_destroyed,1340,44.67,False,36,35,108,5,0,0,77664,77664,4,-1,1.0000,1190
Blue,8,lightningbear,4,0,-,Blue,fishy,40,1,castle_destroyed,2240,74.67,False,56,56,168,4,0,0,77664,77664,4,-1,1.0000,2090
Blue,8,lightningbear,5,0,-,Blue,fishy,0,1,castle_destroyed,456,15.20,False,0,0,0,0,0,0,97080,97080,5,-1,1.0000,426
Blue,8,lightningbear,5,0,-,Blue,fishy,10,1,survived_horizon,36000,1200.00,True,3600,3598,10800,19,0,0,97080,97080,5,-1,1.0000,-1
Blue,8,lightningbear,5,0,-,Blue,fishy,12,1,survived_horizon,36000,1200.00,True,3000,2999,9000,16,0,0,97080,97080,5,-1,1.0000,-1
Blue,8,lightningbear,5,0,-,Blue,fishy,15,1,survived_horizon,36000,1200.00,True,2400,2399,7200,12,0,0,97080,97080,5,-1,1.0000,-1
Blue,8,lightningbear,5,0,-,Blue,fishy,16,1,survived_horizon,36000,1200.00,True,2250,2249,6750,12,0,0,97080,97080,5,-1,1.0000,-1
Blue,8,lightningbear,5,0,-,Blue,fishy,18,1,castle_destroyed,2240,74.67,False,125,124,375,10,0,0,97080,97080,5,-1,1.0000,1790
Blue,8,lightningbear,5,0,-,Blue,fishy,20,1,castle_destroyed,1792,59.73,False,90,89,270,9,0,0,97080,97080,5,-1,1.0000,1492
Blue,8,lightningbear,5,0,-,Blue,fishy,21,1,castle_destroyed,2090,69.67,False,100,99,300,9,0,0,97080,97080,5,-1,1.0000,1940
Blue,8,lightningbear,5,0,-,Blue,fishy,22,1,castle_destroyed,1504,50.13,False,69,68,207,8,0,0,97080,97080,5,-1,1.0000,1354
Blue,8,lightningbear,5,0,-,Blue,fishy,24,1,castle_destroyed,1493,49.77,False,63,62,189,7,0,0,97080,97080,5,-1,1.0000,1343
Blue,8,lightningbear,5,0,-,Blue,fishy,25,1,survived_horizon,36000,1200.00,True,1440,1439,4320,7,0,0,97080,97080,5,-1,1.0000,-1
Blue,8,lightningbear,5,0,-,Blue,fishy,26,1,survived_horizon,36000,1200.00,True,1385,1384,4155,7,0,0,97080,97080,5,-1,1.0000,-1
Blue,8,lightningbear,5,0,-,Blue,fishy,28,1,castle_destroyed,1495,49.83,False,54,53,162,6,0,0,97080,97080,5,-1,1.0000,1345
Blue,8,lightningbear,5,0,-,Blue,fishy,30,1,castle_destroyed,1059,35.30,False,36,35,108,6,0,0,97080,97080,5,-1,1.0000,909
Blue,8,lightningbear,5,0,-,Blue,fishy,32,1,castle_destroyed,2240,74.67,False,70,70,210,5,0,0,97080,97080,5,-1,1.0000,2090
Blue,8,lightningbear,5,0,-,Blue,fishy,35,1,castle_destroyed,1200,40.00,False,35,34,105,5,0,0,97080,97080,5,-1,1.0000,1050
Blue,8,lightningbear,5,0,-,Blue,fishy,38,1,castle_destroyed,915,30.50,False,25,24,75,5,0,0,97080,97080,5,-1,1.0000,765
Blue,8,lightningbear,5,0,-,Blue,fishy,40,1,castle_destroyed,797,26.57,False,20,20,60,4,0,0,97080,97080,5,-1,1.0000,647
Green,8,trogdor,3,0,-,Green,minisnecko,0,1,castle_destroyed,371,12.37,False,0,0,0,0,0,0,53640,53640,3,-1,1.0000,341
Green,8,trogdor,3,0,-,Green,minisnecko,10,1,survived_horizon,36000,1200.00,True,3600,3599,3600,18,0,0,53640,53640,3,-1,1.0000,-1
Green,8,trogdor,3,0,-,Green,minisnecko,12,1,survived_horizon,36000,1200.00,True,3000,2999,3000,16,0,0,53640,53640,3,-1,1.0000,-1
Green,8,trogdor,3,0,-,Green,minisnecko,15,1,survived_horizon,36000,1200.00,True,2400,2400,2400,13,0,0,53640,53640,3,-1,1.0000,-1
Green,8,trogdor,3,0,-,Green,minisnecko,16,1,survived_horizon,36000,1200.00,True,2250,2250,2250,11,0,0,53640,53640,3,-1,1.0000,-1
Green,8,trogdor,3,0,-,Green,minisnecko,18,1,survived_horizon,36000,1200.00,True,2000,2000,2000,10,0,0,53640,53640,3,-1,1.0000,-1
Green,8,trogdor,3,0,-,Green,minisnecko,20,1,survived_horizon,36000,1200.00,True,1800,1800,1800,8,0,0,53640,53640,3,-1,1.0000,-1
Green,8,trogdor,3,0,-,Green,minisnecko,21,1,survived_horizon,36000,1200.00,True,1715,1712,1715,9,0,0,53640,53640,3,-1,1.0000,-1
Green,8,trogdor,3,0,-,Green,minisnecko,22,1,survived_horizon,36000,1200.00,True,1637,1634,1637,8,0,0,53640,53640,3,-1,1.0000,-1
Green,8,trogdor,3,0,-,Green,minisnecko,24,1,survived_horizon,36000,1200.00,True,1500,1498,1500,7,0,0,53640,53640,3,-1,1.0000,-1
Green,8,trogdor,3,0,-,Green,minisnecko,25,1,survived_horizon,36000,1200.00,True,1440,1438,1440,7,0,0,53640,53640,3,-1,1.0000,-1
Green,8,trogdor,3,0,-,Green,minisnecko,26,1,survived_horizon,36000,1200.00,True,1385,1383,1385,6,0,0,53640,53640,3,-1,1.0000,-1
Green,8,trogdor,3,0,-,Green,minisnecko,28,1,survived_horizon,36000,1200.00,True,1286,1284,1286,6,0,0,53640,53640,3,-1,1.0000,-1
Green,8,trogdor,3,0,-,Green,minisnecko,30,1,survived_horizon,36000,1200.00,True,1200,1199,1200,6,0,0,53640,53640,3,-1,1.0000,-1
Green,8,trogdor,3,0,-,Green,minisnecko,32,1,survived_horizon,36000,1200.00,True,1125,1124,1125,5,0,0,53640,53640,3,-1,1.0000,-1
Green,8,trogdor,3,0,-,Green,minisnecko,35,1,castle_destroyed,2144,71.47,False,62,61,62,5,0,0,53640,53640,3,-1,1.0000,1094
Green,8,trogdor,3,0,-,Green,minisnecko,38,1,castle_destroyed,5898,196.60,False,156,155,156,4,0,0,53640,53640,3,-1,1.0000,3048
Green,8,trogdor,3,0,-,Green,minisnecko,40,1,survived_horizon,36000,1200.00,True,900,899,900,4,0,0,53640,53640,3,-1,1.0000,-1
Green,8,trogdor,4,0,-,Green,minisnecko,0,1,castle_destroyed,371,12.37,False,0,0,0,0,0,0,71520,71520,4,-1,1.0000,341
Green,8,trogdor,4,0,-,Green,minisnecko,10,1,survived_horizon,36000,1200.00,True,3600,3599,3600,17,0,0,71520,71520,4,-1,1.0000,-1
Green,8,trogdor,4,0,-,Green,minisnecko,12,1,survived_horizon,36000,1200.00,True,3000,2999,3000,13,0,0,71520,71520,4,-1,1.0000,-1
Green,8,trogdor,4,0,-,Green,minisnecko,15,1,survived_horizon,36000,1200.00,True,2400,2400,2400,11,0,0,71520,71520,4,-1,1.0000,-1
Green,8,trogdor,4,0,-,Green,minisnecko,16,1,survived_horizon,36000,1200.00,True,2250,2250,2250,10,0,0,71520,71520,4,-1,1.0000,-1
Green,8,trogdor,4,0,-,Green,minisnecko,18,1,survived_horizon,36000,1200.00,True,2000,2000,2000,9,0,0,71520,71520,4,-1,1.0000,-1
Green,8,trogdor,4,0,-,Green,minisnecko,20,1,survived_horizon,36000,1200.00,True,1800,1800,1800,7,0,0,71520,71520,4,-1,1.0000,-1
Green,8,trogdor,4,0,-,Green,minisnecko,21,1,survived_horizon,36000,1200.00,True,1715,1712,1715,7,0,0,71520,71520,4,-1,1.0000,-1
Green,8,trogdor,4,0,-,Green,minisnecko,22,1,survived_horizon,36000,1200.00,True,1637,1634,1637,7,0,0,71520,71520,4,-1,1.0000,-1
Green,8,trogdor,4,0,-,Green,minisnecko,24,1,survived_horizon,36000,1200.00,True,1500,1498,1500,6,0,0,71520,71520,4,-1,1.0000,-1
Green,8,trogdor,4,0,-,Green,minisnecko,25,1,survived_horizon,36000,1200.00,True,1440,1438,1440,6,0,0,71520,71520,4,-1,1.0000,-1
Green,8,trogdor,4,0,-,Green,minisnecko,26,1,survived_horizon,36000,1200.00,True,1385,1383,1385,6,0,0,71520,71520,4,-1,1.0000,-1
Green,8,trogdor,4,0,-,Green,minisnecko,28,1,castle_destroyed,2807,93.57,False,101,100,101,5,0,0,71520,71520,4,-1,1.0000,1157
Green,8,trogdor,4,0,-,Green,minisnecko,30,1,survived_horizon,36000,1200.00,True,1200,1199,1200,5,0,0,71520,71520,4,-1,1.0000,-1
Green,8,trogdor,4,0,-,Green,minisnecko,32,1,survived_horizon,36000,1200.00,True,1125,1124,1125,4,0,0,71520,71520,4,-1,1.0000,-1
Green,8,trogdor,4,0,-,Green,minisnecko,35,1,castle_destroyed,1757,58.57,False,51,50,51,4,0,0,71520,71520,4,-1,1.0000,1094
Green,8,trogdor,4,0,-,Green,minisnecko,38,1,castle_destroyed,1907,63.57,False,51,50,51,4,0,0,71520,71520,4,-1,1.0000,1757
Green,8,trogdor,4,0,-,Green,minisnecko,40,1,castle_destroyed,1757,58.57,False,44,44,44,4,0,0,71520,71520,4,-1,1.0000,1607
Green,8,trogdor,5,0,-,Green,minisnecko,0,1,castle_destroyed,371,12.37,False,0,0,0,0,0,0,89400,89400,5,-1,1.0000,341
Green,8,trogdor,5,0,-,Green,minisnecko,10,1,survived_horizon,36000,1200.00,True,3600,3599,3600,16,0,0,89400,89400,5,-1,1.0000,-1
Green,8,trogdor,5,0,-,Green,minisnecko,12,1,survived_horizon,36000,1200.00,True,3000,2999,3000,13,0,0,89400,89400,5,-1,1.0000,-1
Green,8,trogdor,5,0,-,Green,minisnecko,15,1,survived_horizon,36000,1200.00,True,2400,2400,2400,10,0,0,89400,89400,5,-1,1.0000,-1
Green,8,trogdor,5,0,-,Green,minisnecko,16,1,survived_horizon,36000,1200.00,True,2250,2250,2250,10,0,0,89400,89400,5,-1,1.0000,-1
Green,8,trogdor,5,0,-,Green,minisnecko,18,1,castle_destroyed,2057,68.57,False,115,114,115,8,0,0,89400,89400,5,-1,1.0000,1607
Green,8,trogdor,5,0,-,Green,minisnecko,20,1,castle_destroyed,1468,48.93,False,74,73,74,7,0,0,89400,89400,5,-1,1.0000,1168
Green,8,trogdor,5,0,-,Green,minisnecko,21,1,castle_destroyed,1307,43.57,False,63,62,63,7,0,0,89400,89400,5,-1,1.0000,1157
Green,8,trogdor,5,0,-,Green,minisnecko,22,1,castle_destroyed,1608,53.60,False,74,73,74,7,0,0,89400,89400,5,-1,1.0000,1458
Green,8,trogdor,5,0,-,Green,minisnecko,24,1,castle_destroyed,1462,48.73,False,61,61,61,6,0,0,89400,89400,5,-1,1.0000,1012
Green,8,trogdor,5,0,-,Green,minisnecko,25,1,survived_horizon,36000,1200.00,True,1440,1439,1440,6,0,0,89400,89400,5,-1,1.0000,-1
Green,8,trogdor,5,0,-,Green,minisnecko,26,1,castle_destroyed,1774,59.13,False,69,68,69,6,0,0,89400,89400,5,-1,1.0000,1174
Green,8,trogdor,5,0,-,Green,minisnecko,28,1,castle_destroyed,1157,38.57,False,42,41,42,5,0,0,89400,89400,5,-1,1.0000,1017
Green,8,trogdor,5,0,-,Green,minisnecko,30,1,castle_destroyed,878,29.27,False,30,29,30,5,0,0,89400,89400,5,-1,1.0000,728
Green,8,trogdor,5,0,-,Green,minisnecko,32,1,castle_destroyed,1757,58.57,False,55,55,55,4,0,0,89400,89400,5,-1,1.0000,1607
Green,8,trogdor,5,0,-,Green,minisnecko,35,1,castle_destroyed,1019,33.97,False,30,29,30,4,0,0,89400,89400,5,-1,1.0000,869
Green,8,trogdor,5,0,-,Green,minisnecko,38,1,castle_destroyed,763,25.43,False,21,20,21,4,0,0,89400,89400,5,-1,1.0000,613
Green,8,trogdor,5,0,-,Green,minisnecko,40,1,castle_destroyed,689,22.97,False,18,17,18,4,0,0,89400,89400,5,-1,1.0000,557
Orange,8,hwy,3,0,-,Orange,phil,0,1,castle_destroyed,598,19.93,False,0,0,0,0,0,0,59784,59784,3,-1,1.0000,568
Orange,8,hwy,3,0,-,Orange,phil,10,1,survived_horizon,36000,1200.00,True,3600,3591,14400,23,0,0,59784,59784,3,-1,1.0000,-1
Orange,8,hwy,3,0,-,Orange,phil,12,1,survived_horizon,36000,1200.00,True,3000,2993,12000,18,0,0,59784,59784,3,-1,1.0000,-1
Orange,8,hwy,3,0,-,Orange,phil,15,1,survived_horizon,36000,1200.00,True,2400,2394,9600,15,0,0,59784,59784,3,-1,1.0000,-1
Orange,8,hwy,3,0,-,Orange,phil,16,1,survived_horizon,36000,1200.00,True,2250,2245,9000,14,0,0,59784,59784,3,-1,1.0000,-1
Orange,8,hwy,3,0,-,Orange,phil,18,1,survived_horizon,36000,1200.00,True,2000,1996,8000,12,0,0,59784,59784,3,-1,1.0000,-1
Orange,8,hwy,3,0,-,Orange,phil,20,1,survived_horizon,36000,1200.00,True,1800,1796,7200,10,0,0,59784,59784,3,-1,1.0000,-1
Orange,8,hwy,3,0,-,Orange,phil,21,1,survived_horizon,36000,1200.00,True,1715,1711,6860,10,0,0,59784,59784,3,-1,1.0000,-1
Orange,8,hwy,3,0,-,Orange,phil,22,1,survived_horizon,36000,1200.00,True,1637,1633,6548,10,0,0,59784,59784,3,-1,1.0000,-1
Orange,8,hwy,3,0,-,Orange,phil,24,1,survived_horizon,36000,1200.00,True,1500,1497,6000,9,0,0,59784,59784,3,-1,1.0000,-1
Orange,8,hwy,3,0,-,Orange,phil,25,1,survived_horizon,36000,1200.00,True,1440,1438,5760,7,0,0,59784,59784,3,-1,1.0000,-1
Orange,8,hwy,3,0,-,Orange,phil,26,1,survived_horizon,36000,1200.00,True,1385,1382,5540,8,0,0,59784,59784,3,-1,1.0000,-1
Orange,8,hwy,3,0,-,Orange,phil,28,1,survived_horizon,36000,1200.00,True,1286,1283,5144,8,0,0,59784,59784,3,-1,1.0000,-1
Orange,8,hwy,3,0,-,Orange,phil,30,1,survived_horizon,36000,1200.00,True,1200,1198,4800,7,0,0,59784,59784,3,-1,1.0000,-1
Orange,8,hwy,3,0,-,Orange,phil,32,1,survived_horizon,36000,1200.00,True,1125,1123,4500,7,0,0,59784,59784,3,-1,1.0000,-1
Orange,8,hwy,3,0,-,Orange,phil,35,1,survived_horizon,36000,1200.00,True,1029,1027,4116,6,0,0,59784,59784,3,-1,1.0000,-1
Orange,8,hwy,3,0,-,Orange,phil,38,1,survived_horizon,36000,1200.00,True,948,946,3792,5,0,0,59784,59784,3,-1,1.0000,-1
Orange,8,hwy,3,0,-,Orange,phil,40,1,survived_horizon,36000,1200.00,True,900,899,3600,5,0,0,59784,59784,3,-1,1.0000,-1
Orange,8,hwy,4,0,-,Orange,phil,0,1,castle_destroyed,598,19.93,False,0,0,0,0,0,0,79712,79712,4,-1,1.0000,568
Orange,8,hwy,4,0,-,Orange,phil,10,1,survived_horizon,36000,1200.00,True,3600,3594,14400,20,0,0,79712,79712,4,-1,1.0000,-1
Orange,8,hwy,4,0,-,Orange,phil,12,1,survived_horizon,36000,1200.00,True,3000,2996,12000,17,0,0,79712,79712,4,-1,1.0000,-1
Orange,8,hwy,4,0,-,Orange,phil,15,1,survived_horizon,36000,1200.00,True,2400,2396,9600,13,0,0,79712,79712,4,-1,1.0000,-1
Orange,8,hwy,4,0,-,Orange,phil,16,1,survived_horizon,36000,1200.00,True,2250,2247,9000,13,0,0,79712,79712,4,-1,1.0000,-1
Orange,8,hwy,4,0,-,Orange,phil,18,1,survived_horizon,36000,1200.00,True,2000,1998,8000,11,0,0,79712,79712,4,-1,1.0000,-1
Orange,8,hwy,4,0,-,Orange,phil,20,1,survived_horizon,36000,1200.00,True,1800,1798,7200,10,0,0,79712,79712,4,-1,1.0000,-1
Orange,8,hwy,4,0,-,Orange,phil,21,1,survived_horizon,36000,1200.00,True,1715,1713,6860,9,0,0,79712,79712,4,-1,1.0000,-1
Orange,8,hwy,4,0,-,Orange,phil,22,1,survived_horizon,36000,1200.00,True,1637,1635,6548,9,0,0,79712,79712,4,-1,1.0000,-1
Orange,8,hwy,4,0,-,Orange,phil,24,1,survived_horizon,36000,1200.00,True,1500,1499,6000,8,0,0,79712,79712,4,-1,1.0000,-1
Orange,8,hwy,4,0,-,Orange,phil,25,1,castle_destroyed,1507,50.23,False,61,60,244,7,0,0,79712,79712,4,-1,1.0000,1357
Orange,8,hwy,4,0,-,Orange,phil,26,1,survived_horizon,36000,1200.00,True,1385,1384,5540,7,0,0,79712,79712,4,-1,1.0000,-1
Orange,8,hwy,4,0,-,Orange,phil,28,1,castle_destroyed,2251,75.03,False,81,80,324,7,0,0,79712,79712,4,-1,1.0000,1801
Orange,8,hwy,4,0,-,Orange,phil,30,1,survived_horizon,36000,1200.00,True,1200,1199,4800,6,0,0,79712,79712,4,-1,1.0000,-1
Orange,8,hwy,4,0,-,Orange,phil,32,1,survived_horizon,36000,1200.00,True,1125,1124,4500,7,0,0,79712,79712,4,-1,1.0000,-1
Orange,8,hwy,4,0,-,Orange,phil,35,1,castle_destroyed,1651,55.03,False,48,47,192,6,0,0,79712,79712,4,-1,1.0000,1201
Orange,8,hwy,4,0,-,Orange,phil,38,1,castle_destroyed,2251,75.03,False,60,59,240,5,0,0,79712,79712,4,-1,1.0000,2101
Orange,8,hwy,4,0,-,Orange,phil,40,1,castle_destroyed,2401,80.03,False,61,60,244,5,0,0,79712,79712,4,-1,1.0000,2251
Orange,8,hwy,5,0,-,Orange,phil,0,1,castle_destroyed,598,19.93,False,0,0,0,0,0,0,99640,99640,5,-1,1.0000,568
Orange,8,hwy,5,0,-,Orange,phil,10,1,survived_horizon,36000,1200.00,True,3600,3597,14400,20,0,0,99640,99640,5,-1,1.0000,-1
Orange,8,hwy,5,0,-,Orange,phil,12,1,survived_horizon,36000,1200.00,True,3000,2999,12000,17,0,0,99640,99640,5,-1,1.0000,-1
Orange,8,hwy,5,0,-,Orange,phil,15,1,survived_horizon,36000,1200.00,True,2400,2398,9600,13,0,0,99640,99640,5,-1,1.0000,-1
Orange,8,hwy,5,0,-,Orange,phil,16,1,survived_horizon,36000,1200.00,True,2250,2249,9000,12,0,0,99640,99640,5,-1,1.0000,-1
Orange,8,hwy,5,0,-,Orange,phil,18,1,castle_destroyed,2403,80.10,False,134,133,536,11,0,0,99640,99640,5,-1,1.0000,1953
Orange,8,hwy,5,0,-,Orange,phil,20,1,survived_horizon,36000,1200.00,True,1800,1798,7200,10,0,0,99640,99640,5,-1,1.0000,-1
Orange,8,hwy,5,0,-,Orange,phil,21,1,castle_destroyed,1815,60.50,False,87,86,348,9,0,0,99640,99640,5,-1,1.0000,1665
Orange,8,hwy,5,0,-,Orange,phil,22,1,castle_destroyed,2409,80.30,False,110,109,440,9,0,0,99640,99640,5,-1,1.0000,1659
Orange,8,hwy,5,0,-,Orange,phil,24,1,castle_destroyed,1808,60.27,False,76,75,304,8,0,0,99640,99640,5,-1,1.0000,1658
Orange,8,hwy,5,0,-,Orange,phil,25,1,castle_destroyed,1205,40.17,False,49,48,196,7,0,0,99640,99640,5,-1,1.0000,1055
Orange,8,hwy,5,0,-,Orange,phil,26,1,castle_destroyed,2271,75.70,False,88,87,352,7,0,0,99640,99640,5,-1,1.0000,1671
Orange,8,hwy,5,0,-,Orange,phil,28,1,castle_destroyed,1664,55.47,False,60,59,240,7,0,0,99640,99640,5,-1,1.0000,1514
Orange,8,hwy,5,0,-,Orange,phil,30,1,survived_horizon,36000,1200.00,True,1200,1199,4800,6,0,0,99640,99640,5,-1,1.0000,-1
Orange,8,hwy,5,0,-,Orange,phil,32,1,castle_destroyed,2401,80.03,False,76,75,304,6,0,0,99640,99640,5,-1,1.0000,2251
Orange,8,hwy,5,0,-,Orange,phil,35,1,castle_destroyed,1366,45.53,False,40,39,160,5,0,0,99640,99640,5,-1,1.0000,1201
Orange,8,hwy,5,0,-,Orange,phil,38,1,castle_destroyed,959,31.97,False,26,25,104,5,0,0,99640,99640,5,-1,1.0000,809
Orange,8,hwy,5,0,-,Orange,phil,40,1,castle_destroyed,886,29.53,False,23,22,92,5,0,0,99640,99640,5,-1,1.0000,762
Purple,8,bigblobbo,3,0,-,Purple,cant,0,1,castle_destroyed,881,29.37,False,0,0,0,0,0,0,38280,38280,3,-1,1.0000,851
Purple,8,bigblobbo,3,0,-,Purple,cant,10,1,force_destroyed,31899,1063.30,True,3190,3184,3190,21,3190,0,38280,38280,0,31899,1.0000,-1
Purple,8,bigblobbo,3,0,-,Purple,cant,12,1,survived_horizon,36000,1200.00,True,3000,2998,3000,19,0,0,38280,38280,3,-1,1.0000,-1
Purple,8,bigblobbo,3,0,-,Purple,cant,15,1,survived_horizon,36000,1200.00,True,2400,2399,2400,14,0,0,38280,38280,3,-1,1.0000,-1
Purple,8,bigblobbo,3,0,-,Purple,cant,16,1,survived_horizon,36000,1200.00,True,2250,2249,2250,13,0,0,38280,38280,3,-1,1.0000,-1
Purple,8,bigblobbo,3,0,-,Purple,cant,18,1,survived_horizon,36000,1200.00,True,2000,1999,2000,11,0,0,38280,38280,3,-1,1.0000,-1
Purple,8,bigblobbo,3,0,-,Purple,cant,20,1,survived_horizon,36000,1200.00,True,1800,1799,1800,10,0,0,38280,38280,3,-1,1.0000,-1
Purple,8,bigblobbo,3,0,-,Purple,cant,21,1,survived_horizon,36000,1200.00,True,1715,1713,1715,10,0,0,38280,38280,3,-1,1.0000,-1
Purple,8,bigblobbo,3,0,-,Purple,cant,22,1,survived_horizon,36000,1200.00,True,1637,1636,1637,9,0,0,38280,38280,3,-1,1.0000,-1
Purple,8,bigblobbo,3,0,-,Purple,cant,24,1,survived_horizon,36000,1200.00,True,1500,1499,1500,8,0,0,38280,38280,3,-1,1.0000,-1
Purple,8,bigblobbo,3,0,-,Purple,cant,25,1,survived_horizon,36000,1200.00,True,1440,1439,1440,8,0,0,38280,38280,3,-1,1.0000,-1
Purple,8,bigblobbo,3,0,-,Purple,cant,26,1,survived_horizon,36000,1200.00,True,1385,1384,1385,7,0,0,38280,38280,3,-1,1.0000,-1
Purple,8,bigblobbo,3,0,-,Purple,cant,28,1,survived_horizon,36000,1200.00,True,1286,1285,1286,7,0,0,38280,38280,3,-1,1.0000,-1
Purple,8,bigblobbo,3,0,-,Purple,cant,30,1,survived_horizon,36000,1200.00,True,1200,1200,1200,7,0,0,38280,38280,3,-1,1.0000,-1
Purple,8,bigblobbo,3,0,-,Purple,cant,32,1,survived_horizon,36000,1200.00,True,1125,1125,1125,6,0,0,38280,38280,3,-1,1.0000,-1
Purple,8,bigblobbo,3,0,-,Purple,cant,35,1,survived_horizon,36000,1200.00,True,1029,1028,1029,5,0,0,38280,38280,3,-1,1.0000,-1
Purple,8,bigblobbo,3,0,-,Purple,cant,38,1,survived_horizon,36000,1200.00,True,948,947,948,5,0,0,38280,38280,3,-1,1.0000,-1
Purple,8,bigblobbo,3,0,-,Purple,cant,40,1,survived_horizon,36000,1200.00,True,900,900,900,5,0,0,38280,38280,3,-1,1.0000,-1
Purple,8,bigblobbo,4,0,-,Purple,cant,0,1,castle_destroyed,881,29.37,False,0,0,0,0,0,0,51040,51040,4,-1,1.0000,851
Purple,8,bigblobbo,4,0,-,Purple,cant,10,1,survived_horizon,36000,1200.00,True,3600,3598,3600,18,0,0,51040,51040,4,-1,1.0000,-1
Purple,8,bigblobbo,4,0,-,Purple,cant,12,1,survived_horizon,36000,1200.00,True,3000,2998,3000,15,0,0,51040,51040,4,-1,1.0000,-1
Purple,8,bigblobbo,4,0,-,Purple,cant,15,1,survived_horizon,36000,1200.00,True,2400,2399,2400,12,0,0,51040,51040,4,-1,1.0000,-1
Purple,8,bigblobbo,4,0,-,Purple,cant,16,1,survived_horizon,36000,1200.00,True,2250,2249,2250,12,0,0,51040,51040,4,-1,1.0000,-1
Purple,8,bigblobbo,4,0,-,Purple,cant,18,1,survived_horizon,36000,1200.00,True,2000,1999,2000,10,0,0,51040,51040,4,-1,1.0000,-1
Purple,8,bigblobbo,4,0,-,Purple,cant,20,1,survived_horizon,36000,1200.00,True,1800,1799,1800,9,0,0,51040,51040,4,-1,1.0000,-1
Purple,8,bigblobbo,4,0,-,Purple,cant,21,1,survived_horizon,36000,1200.00,True,1715,1713,1715,9,0,0,51040,51040,4,-1,1.0000,-1
Purple,8,bigblobbo,4,0,-,Purple,cant,22,1,survived_horizon,36000,1200.00,True,1637,1636,1637,8,0,0,51040,51040,4,-1,1.0000,-1
Purple,8,bigblobbo,4,0,-,Purple,cant,24,1,survived_horizon,36000,1200.00,True,1500,1499,1500,7,0,0,51040,51040,4,-1,1.0000,-1
Purple,8,bigblobbo,4,0,-,Purple,cant,25,1,survived_horizon,36000,1200.00,True,1440,1439,1440,7,0,0,51040,51040,4,-1,1.0000,-1
Purple,8,bigblobbo,4,0,-,Purple,cant,26,1,castle_destroyed,3880,129.33,False,150,149,150,6,0,0,51040,51040,4,-1,1.0000,3280
Purple,8,bigblobbo,4,0,-,Purple,cant,28,1,castle_destroyed,2832,94.40,False,102,101,102,6,0,0,51040,51040,4,-1,1.0000,2382
Purple,8,bigblobbo,4,0,-,Purple,cant,30,1,survived_horizon,36000,1200.00,True,1200,1200,1200,6,0,0,51040,51040,4,-1,1.0000,-1
Purple,8,bigblobbo,4,0,-,Purple,cant,32,1,castle_destroyed,6280,209.33,False,197,196,197,6,0,0,51040,51040,4,-1,1.0000,3880
Purple,8,bigblobbo,4,0,-,Purple,cant,35,1,castle_destroyed,3430,114.33,False,98,98,98,5,0,0,51040,51040,4,-1,1.0000,2980
Purple,8,bigblobbo,4,0,-,Purple,cant,38,1,castle_destroyed,4491,149.70,False,119,118,119,4,0,0,51040,51040,4,-1,1.0000,4341
Purple,8,bigblobbo,4,0,-,Purple,cant,40,1,castle_destroyed,2230,74.33,False,56,56,56,4,0,0,51040,51040,4,-1,1.0000,2080
Purple,8,bigblobbo,5,0,-,Purple,cant,0,1,castle_destroyed,881,29.37,False,0,0,0,0,0,0,63800,63800,5,-1,1.0000,851
Purple,8,bigblobbo,5,0,-,Purple,cant,10,1,survived_horizon,36000,1200.00,True,3600,3598,3600,18,0,0,63800,63800,5,-1,1.0000,-1
Purple,8,bigblobbo,5,0,-,Purple,cant,12,1,castle_destroyed,3584,119.47,False,299,298,299,15,0,0,63800,63800,5,-1,1.0000,3284
Purple,8,bigblobbo,5,0,-,Purple,cant,15,1,survived_horizon,36000,1200.00,True,2400,2399,2400,12,0,0,63800,63800,5,-1,1.0000,-1
Purple,8,bigblobbo,5,0,-,Purple,cant,16,1,castle_destroyed,5080,169.33,False,318,317,318,11,0,0,63800,63800,5,-1,1.0000,3880
Purple,8,bigblobbo,5,0,-,Purple,cant,18,1,castle_destroyed,3139,104.63,False,175,174,175,10,0,0,63800,63800,5,-1,1.0000,2689
Purple,8,bigblobbo,5,0,-,Purple,cant,20,1,castle_destroyed,2387,79.57,False,120,119,120,9,0,0,63800,63800,5,-1,1.0000,2087
Purple,8,bigblobbo,5,0,-,Purple,cant,21,1,castle_destroyed,3283,109.43,False,157,156,157,8,0,0,63800,63800,5,-1,1.0000,3133
Purple,8,bigblobbo,5,0,-,Purple,cant,22,1,castle_destroyed,5090,169.67,False,232,231,232,8,0,0,63800,63800,5,-1,1.0000,4340
Purple,8,bigblobbo,5,0,-,Purple,cant,24,1,survived_horizon,36000,1200.00,True,1500,1499,1500,7,0,0,63800,63800,5,-1,1.0000,-1
Purple,8,bigblobbo,5,0,-,Purple,cant,25,1,castle_destroyed,2583,86.10,False,104,103,104,7,0,0,63800,63800,5,-1,1.0000,2433
Purple,8,bigblobbo,5,0,-,Purple,cant,26,1,castle_destroyed,3280,109.33,False,127,126,127,6,0,0,63800,63800,5,-1,1.0000,2894
Purple,8,bigblobbo,5,0,-,Purple,cant,28,1,castle_destroyed,2108,70.27,False,76,75,76,6,0,0,63800,63800,5,-1,1.0000,1658
Purple,8,bigblobbo,5,0,-,Purple,cant,30,1,castle_destroyed,2046,68.20,False,69,68,69,6,0,0,63800,63800,5,-1,1.0000,1896
Purple,8,bigblobbo,5,0,-,Purple,cant,32,1,castle_destroyed,2239,74.63,False,70,70,70,5,0,0,63800,63800,5,-1,1.0000,2089
Purple,8,bigblobbo,5,0,-,Purple,cant,35,1,castle_destroyed,1334,44.47,False,39,38,39,5,0,0,63800,63800,5,-1,1.0000,1093
Purple,8,bigblobbo,5,0,-,Purple,cant,38,1,castle_destroyed,1149,38.30,False,31,30,31,4,0,0,63800,63800,5,-1,1.0000,1018
Purple,8,bigblobbo,5,0,-,Purple,cant,40,1,castle_destroyed,1088,36.27,False,28,27,28,4,0,0,63800,63800,5,-1,1.0000,991
Red,8,draggo,3,0,-,Red,derpyberd,0,1,castle_destroyed,881,29.37,False,0,0,0,0,0,0,56712,56712,3,-1,1.0000,851
Red,8,draggo,3,0,-,Red,derpyberd,10,1,survived_horizon,36000,1200.00,True,3600,3596,3600,28,0,0,56712,56712,3,-1,1.0000,-1
Red,8,draggo,3,0,-,Red,derpyberd,12,1,survived_horizon,36000,1200.00,True,3000,2997,3000,24,0,0,56712,56712,3,-1,1.0000,-1
Red,8,draggo,3,0,-,Red,derpyberd,15,1,survived_horizon,36000,1200.00,True,2400,2398,2400,19,0,0,56712,56712,3,-1,1.0000,-1
Red,8,draggo,3,0,-,Red,derpyberd,16,1,survived_horizon,36000,1200.00,True,2250,2248,2250,17,0,0,56712,56712,3,-1,1.0000,-1
Red,8,draggo,3,0,-,Red,derpyberd,18,1,survived_horizon,36000,1200.00,True,2000,1998,2000,15,0,0,56712,56712,3,-1,1.0000,-1
Red,8,draggo,3,0,-,Red,derpyberd,20,1,survived_horizon,36000,1200.00,True,1800,1799,1800,14,0,0,56712,56712,3,-1,1.0000,-1
Red,8,draggo,3,0,-,Red,derpyberd,21,1,survived_horizon,36000,1200.00,True,1715,1713,1715,13,0,0,56712,56712,3,-1,1.0000,-1
Red,8,draggo,3,0,-,Red,derpyberd,22,1,survived_horizon,36000,1200.00,True,1637,1635,1637,12,0,0,56712,56712,3,-1,1.0000,-1
Red,8,draggo,3,0,-,Red,derpyberd,24,1,survived_horizon,36000,1200.00,True,1500,1499,1500,11,0,0,56712,56712,3,-1,1.0000,-1
Red,8,draggo,3,0,-,Red,derpyberd,25,1,survived_horizon,36000,1200.00,True,1440,1439,1440,10,0,0,56712,56712,3,-1,1.0000,-1
Red,8,draggo,3,0,-,Red,derpyberd,26,1,survived_horizon,36000,1200.00,True,1385,1384,1385,10,0,0,56712,56712,3,-1,1.0000,-1
Red,8,draggo,3,0,-,Red,derpyberd,28,1,survived_horizon,36000,1200.00,True,1286,1284,1286,9,0,0,56712,56712,3,-1,1.0000,-1
Red,8,draggo,3,0,-,Red,derpyberd,30,1,survived_horizon,36000,1200.00,True,1200,1199,1200,9,0,0,56712,56712,3,-1,1.0000,-1
Red,8,draggo,3,0,-,Red,derpyberd,32,1,survived_horizon,36000,1200.00,True,1125,1125,1125,8,0,0,56712,56712,3,-1,1.0000,-1
Red,8,draggo,3,0,-,Red,derpyberd,35,1,survived_horizon,36000,1200.00,True,1029,1028,1029,7,0,0,56712,56712,3,-1,1.0000,-1
Red,8,draggo,3,0,-,Red,derpyberd,38,1,survived_horizon,36000,1200.00,True,948,947,948,7,0,0,56712,56712,3,-1,1.0000,-1
Red,8,draggo,3,0,-,Red,derpyberd,40,1,survived_horizon,36000,1200.00,True,900,900,900,6,0,0,56712,56712,3,-1,1.0000,-1
Red,8,draggo,4,0,-,Red,derpyberd,0,1,castle_destroyed,881,29.37,False,0,0,0,0,0,0,75616,75616,4,-1,1.0000,851
Red,8,draggo,4,0,-,Red,derpyberd,10,1,survived_horizon,36000,1200.00,True,3600,3599,3600,25,0,0,75616,75616,4,-1,1.0000,-1
Red,8,draggo,4,0,-,Red,derpyberd,12,1,survived_horizon,36000,1200.00,True,3000,2999,3000,21,0,0,75616,75616,4,-1,1.0000,-1
Red,8,draggo,4,0,-,Red,derpyberd,15,1,survived_horizon,36000,1200.00,True,2400,2398,2400,17,0,0,75616,75616,4,-1,1.0000,-1
Red,8,draggo,4,0,-,Red,derpyberd,16,1,survived_horizon,36000,1200.00,True,2250,2248,2250,16,0,0,75616,75616,4,-1,1.0000,-1
Red,8,draggo,4,0,-,Red,derpyberd,18,1,survived_horizon,36000,1200.00,True,2000,1998,2000,14,0,0,75616,75616,4,-1,1.0000,-1
Red,8,draggo,4,0,-,Red,derpyberd,20,1,survived_horizon,36000,1200.00,True,1800,1799,1800,12,0,0,75616,75616,4,-1,1.0000,-1
Red,8,draggo,4,0,-,Red,derpyberd,21,1,survived_horizon,36000,1200.00,True,1715,1713,1715,12,0,0,75616,75616,4,-1,1.0000,-1
Red,8,draggo,4,0,-,Red,derpyberd,22,1,survived_horizon,36000,1200.00,True,1637,1635,1637,11,0,0,75616,75616,4,-1,1.0000,-1
Red,8,draggo,4,0,-,Red,derpyberd,24,1,survived_horizon,36000,1200.00,True,1500,1499,1500,10,0,0,75616,75616,4,-1,1.0000,-1
Red,8,draggo,4,0,-,Red,derpyberd,25,1,survived_horizon,36000,1200.00,True,1440,1439,1440,10,0,0,75616,75616,4,-1,1.0000,-1
Red,8,draggo,4,0,-,Red,derpyberd,26,1,survived_horizon,36000,1200.00,True,1385,1384,1385,9,0,0,75616,75616,4,-1,1.0000,-1
Red,8,draggo,4,0,-,Red,derpyberd,28,1,castle_destroyed,2752,91.73,False,99,98,99,8,0,0,75616,75616,4,-1,1.0000,2002
Red,8,draggo,4,0,-,Red,derpyberd,30,1,survived_horizon,36000,1200.00,True,1200,1199,1200,8,0,0,75616,75616,4,-1,1.0000,-1
Red,8,draggo,4,0,-,Red,derpyberd,32,1,survived_horizon,36000,1200.00,True,1125,1125,1125,8,0,0,75616,75616,4,-1,1.0000,-1
Red,8,draggo,4,0,-,Red,derpyberd,35,1,castle_destroyed,2601,86.70,False,75,74,75,7,0,0,75616,75616,4,-1,1.0000,2001
Red,8,draggo,4,0,-,Red,derpyberd,38,1,castle_destroyed,3052,101.73,False,81,80,81,6,0,0,75616,75616,4,-1,1.0000,2902
Red,8,draggo,4,0,-,Red,derpyberd,40,1,castle_destroyed,3201,106.70,False,81,80,81,6,0,0,75616,75616,4,-1,1.0000,3051
Red,8,draggo,5,0,-,Red,derpyberd,0,1,castle_destroyed,881,29.37,False,0,0,0,0,0,0,94520,94520,5,-1,1.0000,851
Red,8,draggo,5,0,-,Red,derpyberd,10,1,survived_horizon,36000,1200.00,True,3600,3599,3600,23,0,0,94520,94520,5,-1,1.0000,-1
Red,8,draggo,5,0,-,Red,derpyberd,12,1,survived_horizon,36000,1200.00,True,3000,2999,3000,21,0,0,94520,94520,5,-1,1.0000,-1
Red,8,draggo,5,0,-,Red,derpyberd,15,1,survived_horizon,36000,1200.00,True,2400,2398,2400,17,0,0,94520,94520,5,-1,1.0000,-1
Red,8,draggo,5,0,-,Red,derpyberd,16,1,castle_destroyed,5151,171.70,False,322,321,322,15,0,0,94520,94520,5,-1,1.0000,3951
Red,8,draggo,5,0,-,Red,derpyberd,18,1,castle_destroyed,3054,101.80,False,170,169,170,14,0,0,94520,94520,5,-1,1.0000,2604
Red,8,draggo,5,0,-,Red,derpyberd,20,1,castle_destroyed,3354,111.80,False,168,167,168,12,0,0,94520,94520,5,-1,1.0000,3054
Red,8,draggo,5,0,-,Red,derpyberd,21,1,castle_destroyed,4256,141.87,False,203,202,203,12,0,0,94520,94520,5,-1,1.0000,3206
Red,8,draggo,5,0,-,Red,derpyberd,22,1,castle_destroyed,3819,127.30,False,174,173,174,11,0,0,94520,94520,5,-1,1.0000,2919
Red,8,draggo,5,0,-,Red,derpyberd,24,1,castle_destroyed,3515,117.17,False,147,146,147,10,0,0,94520,94520,5,-1,1.0000,2915
Red,8,draggo,5,0,-,Red,derpyberd,25,1,castle_destroyed,2614,87.13,False,105,104,105,10,0,0,94520,94520,5,-1,1.0000,2464
Red,8,draggo,5,0,-,Red,derpyberd,26,1,castle_destroyed,4122,137.40,False,159,158,159,9,0,0,94520,94520,5,-1,1.0000,3522
Red,8,draggo,5,0,-,Red,derpyberd,28,1,castle_destroyed,2752,91.73,False,99,98,99,8,0,0,94520,94520,5,-1,1.0000,2002
Red,8,draggo,5,0,-,Red,derpyberd,30,1,castle_destroyed,2353,78.43,False,79,78,79,8,0,0,94520,94520,5,-1,1.0000,2203
Red,8,draggo,5,0,-,Red,derpyberd,32,1,castle_destroyed,3203,106.77,False,101,100,101,7,0,0,94520,94520,5,-1,1.0000,3053
Red,8,draggo,5,0,-,Red,derpyberd,35,1,castle_destroyed,1720,57.33,False,50,49,50,7,0,0,94520,94520,5,-1,1.0000,1551
Red,8,draggo,5,0,-,Red,derpyberd,38,1,castle_destroyed,1257,41.90,False,34,33,34,6,0,0,94520,94520,5,-1,1.0000,1107
Red,8,draggo,5,0,-,Red,derpyberd,40,1,castle_destroyed,1134,37.80,False,29,28,29,6,0,0,94520,94520,5,-1,1.0000,1012
White,8,corn,3,0,-,White,doggo,0,1,castle_destroyed,1731,57.70,False,0,0,0,0,0,0,69000,69000,3,-1,1.0000,1701
White,8,corn,3,0,-,White,doggo,10,1,survived_horizon,36000,1200.00,True,3600,3598,10800,31,0,0,69000,69000,3,-1,1.0000,-1
White,8,corn,3,0,-,White,doggo,12,1,survived_horizon,36000,1200.00,True,3000,2999,9000,26,0,0,69000,69000,3,-1,1.0000,-1
White,8,corn,3,0,-,White,doggo,15,1,survived_horizon,36000,1200.00,True,2400,2399,7200,20,0,0,69000,69000,3,-1,1.0000,-1
White,8,corn,3,0,-,White,doggo,16,1,survived_horizon,36000,1200.00,True,2250,2250,6750,19,0,0,69000,69000,3,-1,1.0000,-1
White,8,corn,3,0,-,White,doggo,18,1,survived_horizon,36000,1200.00,True,2000,1998,6000,17,0,0,69000,69000,3,-1,1.0000,-1
White,8,corn,3,0,-,White,doggo,20,1,survived_horizon,36000,1200.00,True,1800,1798,5400,15,0,0,69000,69000,3,-1,1.0000,-1
White,8,corn,3,0,-,White,doggo,21,1,survived_horizon,36000,1200.00,True,1715,1713,5145,14,0,0,69000,69000,3,-1,1.0000,-1
White,8,corn,3,0,-,White,doggo,22,1,survived_horizon,36000,1200.00,True,1637,1635,4911,14,0,0,69000,69000,3,-1,1.0000,-1
White,8,corn,3,0,-,White,doggo,24,1,survived_horizon,36000,1200.00,True,1500,1499,4500,12,0,0,69000,69000,3,-1,1.0000,-1
White,8,corn,3,0,-,White,doggo,25,1,survived_horizon,36000,1200.00,True,1440,1439,4320,11,0,0,69000,69000,3,-1,1.0000,-1
White,8,corn,3,0,-,White,doggo,26,1,survived_horizon,36000,1200.00,True,1385,1384,4155,11,0,0,69000,69000,3,-1,1.0000,-1
White,8,corn,3,0,-,White,doggo,28,1,survived_horizon,36000,1200.00,True,1286,1285,3858,10,0,0,69000,69000,3,-1,1.0000,-1
White,8,corn,3,0,-,White,doggo,30,1,survived_horizon,36000,1200.00,True,1200,1199,3600,10,0,0,69000,69000,3,-1,1.0000,-1
White,8,corn,3,0,-,White,doggo,32,1,survived_horizon,36000,1200.00,True,1125,1124,3375,9,0,0,69000,69000,3,-1,1.0000,-1
White,8,corn,3,0,-,White,doggo,35,1,survived_horizon,36000,1200.00,True,1029,1028,3087,8,0,0,69000,69000,3,-1,1.0000,-1
White,8,corn,3,0,-,White,doggo,38,1,survived_horizon,36000,1200.00,True,948,947,2844,7,0,0,69000,69000,3,-1,1.0000,-1
White,8,corn,3,0,-,White,doggo,40,1,survived_horizon,36000,1200.00,True,900,900,2700,7,0,0,69000,69000,3,-1,1.0000,-1
White,8,corn,4,0,-,White,doggo,0,1,castle_destroyed,1731,57.70,False,0,0,0,0,0,0,92000,92000,4,-1,1.0000,1701
White,8,corn,4,0,-,White,doggo,10,1,survived_horizon,36000,1200.00,True,3600,3598,10800,28,0,0,92000,92000,4,-1,1.0000,-1
White,8,corn,4,0,-,White,doggo,12,1,survived_horizon,36000,1200.00,True,3000,2999,9000,23,0,0,92000,92000,4,-1,1.0000,-1
White,8,corn,4,0,-,White,doggo,15,1,survived_horizon,36000,1200.00,True,2400,2399,7200,18,0,0,92000,92000,4,-1,1.0000,-1
White,8,corn,4,0,-,White,doggo,16,1,survived_horizon,36000,1200.00,True,2250,2250,6750,18,0,0,92000,92000,4,-1,1.0000,-1
White,8,corn,4,0,-,White,doggo,18,1,survived_horizon,36000,1200.00,True,2000,1998,6000,15,0,0,92000,92000,4,-1,1.0000,-1
White,8,corn,4,0,-,White,doggo,20,1,survived_horizon,36000,1200.00,True,1800,1798,5400,14,0,0,92000,92000,4,-1,1.0000,-1
White,8,corn,4,0,-,White,doggo,21,1,survived_horizon,36000,1200.00,True,1715,1713,5145,13,0,0,92000,92000,4,-1,1.0000,-1
White,8,corn,4,0,-,White,doggo,22,1,survived_horizon,36000,1200.00,True,1637,1635,4911,13,0,0,92000,92000,4,-1,1.0000,-1
White,8,corn,4,0,-,White,doggo,24,1,survived_horizon,36000,1200.00,True,1500,1499,4500,11,0,0,92000,92000,4,-1,1.0000,-1
White,8,corn,4,0,-,White,doggo,25,1,survived_horizon,36000,1200.00,True,1440,1439,4320,11,0,0,92000,92000,4,-1,1.0000,-1
White,8,corn,4,0,-,White,doggo,26,1,castle_destroyed,8776,292.53,False,338,337,1014,11,0,0,92000,92000,4,-1,1.0000,6826
White,8,corn,4,0,-,White,doggo,28,1,castle_destroyed,5335,177.83,False,191,190,573,10,0,0,92000,92000,4,-1,1.0000,4885
White,8,corn,4,0,-,White,doggo,30,1,survived_horizon,36000,1200.00,True,1200,1199,3600,9,0,0,92000,92000,4,-1,1.0000,-1
White,8,corn,4,0,-,White,doggo,32,1,castle_destroyed,7726,257.53,False,242,241,726,9,0,0,92000,92000,4,-1,1.0000,5326
White,8,corn,4,0,-,White,doggo,35,1,castle_destroyed,4876,162.53,False,140,139,420,8,0,0,92000,92000,4,-1,1.0000,4704
White,8,corn,4,0,-,White,doggo,38,1,castle_destroyed,14643,488.10,False,386,385,1158,7,0,0,92000,92000,4,-1,1.0000,14493
White,8,corn,4,0,-,White,doggo,40,1,castle_destroyed,3680,122.67,False,92,92,276,7,0,0,92000,92000,4,-1,1.0000,3530
White,8,corn,5,0,-,White,doggo,0,1,castle_destroyed,1731,57.70,False,0,0,0,0,0,0,115000,115000,5,-1,1.0000,1701
White,8,corn,5,0,-,White,doggo,10,1,survived_horizon,36000,1200.00,True,3600,3598,10800,28,0,0,115000,115000,5,-1,1.0000,-1
White,8,corn,5,0,-,White,doggo,12,1,survived_horizon,36000,1200.00,True,3000,2999,9000,23,0,0,115000,115000,5,-1,1.0000,-1
White,8,corn,5,0,-,White,doggo,15,1,survived_horizon,36000,1200.00,True,2400,2399,7200,18,0,0,115000,115000,5,-1,1.0000,-1
White,8,corn,5,0,-,White,doggo,16,1,castle_destroyed,8926,297.53,False,558,557,1674,17,0,0,115000,115000,5,-1,1.0000,7726
White,8,corn,5,0,-,White,doggo,18,1,castle_destroyed,5936,197.87,False,330,329,990,15,0,0,115000,115000,5,-1,1.0000,5486
White,8,corn,5,0,-,White,doggo,20,1,survived_horizon,36000,1200.00,True,1800,1798,5400,14,0,0,115000,115000,5,-1,1.0000,-1
White,8,corn,5,0,-,White,doggo,21,1,castle_destroyed,5032,167.73,False,240,239,720,13,0,0,115000,115000,5,-1,1.0000,4882
White,8,corn,5,0,-,White,doggo,22,1,castle_destroyed,9540,318.00,False,434,433,1302,12,0,0,115000,115000,5,-1,1.0000,7890
White,8,corn,5,0,-,White,doggo,24,1,castle_destroyed,6396,213.20,False,267,266,801,11,0,0,115000,115000,5,-1,1.0000,5796
White,8,corn,5,0,-,White,doggo,25,1,survived_horizon,36000,1200.00,True,1440,1439,4320,11,0,0,115000,115000,5,-1,1.0000,-1
White,8,corn,5,0,-,White,doggo,26,1,castle_destroyed,6096,203.20,False,235,234,705,10,0,0,115000,115000,5,-1,1.0000,5496
White,8,corn,5,0,-,White,doggo,28,1,castle_destroyed,3235,107.83,False,116,115,348,10,0,0,115000,115000,5,-1,1.0000,3010
White,8,corn,5,0,-,White,doggo,30,1,castle_destroyed,3643,121.43,False,122,121,366,9,0,0,115000,115000,5,-1,1.0000,3493
White,8,corn,5,0,-,White,doggo,32,1,castle_destroyed,3838,127.93,False,120,120,360,8,0,0,115000,115000,5,-1,1.0000,3688
White,8,corn,5,0,-,White,doggo,35,1,castle_destroyed,2147,71.57,False,62,61,186,8,0,0,115000,115000,5,-1,1.0000,1936
White,8,corn,5,0,-,White,doggo,38,1,castle_destroyed,2025,67.50,False,54,53,162,7,0,0,115000,115000,5,-1,1.0000,1875
White,8,corn,5,0,-,White,doggo,40,1,castle_destroyed,1971,65.70,False,50,49,150,7,0,0,115000,115000,5,-1,1.0000,1866
Yellow,8,lyon,3,0,-,Yellow,minnow,0,1,castle_destroyed,881,29.37,False,0,0,0,0,0,0,39816,39816,3,-1,1.0000,851
Yellow,8,lyon,3,0,-,Yellow,minnow,10,1,survived_horizon,36000,1200.00,True,3600,3598,7200,21,0,0,39816,39816,3,-1,1.0000,-1
Yellow,8,lyon,3,0,-,Yellow,minnow,12,1,survived_horizon,36000,1200.00,True,3000,2998,6000,19,0,0,39816,39816,3,-1,1.0000,-1
Yellow,8,lyon,3,0,-,Yellow,minnow,15,1,survived_horizon,36000,1200.00,True,2400,2399,4800,14,0,0,39816,39816,3,-1,1.0000,-1
Yellow,8,lyon,3,0,-,Yellow,minnow,16,1,survived_horizon,36000,1200.00,True,2250,2249,4500,13,0,0,39816,39816,3,-1,1.0000,-1
Yellow,8,lyon,3,0,-,Yellow,minnow,18,1,survived_horizon,36000,1200.00,True,2000,1999,4000,11,0,0,39816,39816,3,-1,1.0000,-1
Yellow,8,lyon,3,0,-,Yellow,minnow,20,1,survived_horizon,36000,1200.00,True,1800,1799,3600,10,0,0,39816,39816,3,-1,1.0000,-1
Yellow,8,lyon,3,0,-,Yellow,minnow,21,1,survived_horizon,36000,1200.00,True,1715,1713,3430,10,0,0,39816,39816,3,-1,1.0000,-1
Yellow,8,lyon,3,0,-,Yellow,minnow,22,1,survived_horizon,36000,1200.00,True,1637,1636,3274,9,0,0,39816,39816,3,-1,1.0000,-1
Yellow,8,lyon,3,0,-,Yellow,minnow,24,1,survived_horizon,36000,1200.00,True,1500,1499,3000,8,0,0,39816,39816,3,-1,1.0000,-1
Yellow,8,lyon,3,0,-,Yellow,minnow,25,1,survived_horizon,36000,1200.00,True,1440,1439,2880,8,0,0,39816,39816,3,-1,1.0000,-1
Yellow,8,lyon,3,0,-,Yellow,minnow,26,1,survived_horizon,36000,1200.00,True,1385,1384,2770,7,0,0,39816,39816,3,-1,1.0000,-1
Yellow,8,lyon,3,0,-,Yellow,minnow,28,1,survived_horizon,36000,1200.00,True,1286,1285,2572,7,0,0,39816,39816,3,-1,1.0000,-1
Yellow,8,lyon,3,0,-,Yellow,minnow,30,1,survived_horizon,36000,1200.00,True,1200,1200,2400,7,0,0,39816,39816,3,-1,1.0000,-1
Yellow,8,lyon,3,0,-,Yellow,minnow,32,1,survived_horizon,36000,1200.00,True,1125,1125,2250,6,0,0,39816,39816,3,-1,1.0000,-1
Yellow,8,lyon,3,0,-,Yellow,minnow,35,1,survived_horizon,36000,1200.00,True,1029,1028,2058,5,0,0,39816,39816,3,-1,1.0000,-1
Yellow,8,lyon,3,0,-,Yellow,minnow,38,1,survived_horizon,36000,1200.00,True,948,947,1896,5,0,0,39816,39816,3,-1,1.0000,-1
Yellow,8,lyon,3,0,-,Yellow,minnow,40,1,survived_horizon,36000,1200.00,True,900,900,1800,5,0,0,39816,39816,3,-1,1.0000,-1
Yellow,8,lyon,4,0,-,Yellow,minnow,0,1,castle_destroyed,881,29.37,False,0,0,0,0,0,0,53088,53088,4,-1,1.0000,851
Yellow,8,lyon,4,0,-,Yellow,minnow,10,1,survived_horizon,36000,1200.00,True,3600,3598,7200,18,0,0,53088,53088,4,-1,1.0000,-1
Yellow,8,lyon,4,0,-,Yellow,minnow,12,1,survived_horizon,36000,1200.00,True,3000,2998,6000,15,0,0,53088,53088,4,-1,1.0000,-1
Yellow,8,lyon,4,0,-,Yellow,minnow,15,1,survived_horizon,36000,1200.00,True,2400,2399,4800,12,0,0,53088,53088,4,-1,1.0000,-1
Yellow,8,lyon,4,0,-,Yellow,minnow,16,1,survived_horizon,36000,1200.00,True,2250,2249,4500,12,0,0,53088,53088,4,-1,1.0000,-1
Yellow,8,lyon,4,0,-,Yellow,minnow,18,1,survived_horizon,36000,1200.00,True,2000,1999,4000,10,0,0,53088,53088,4,-1,1.0000,-1
Yellow,8,lyon,4,0,-,Yellow,minnow,20,1,survived_horizon,36000,1200.00,True,1800,1799,3600,9,0,0,53088,53088,4,-1,1.0000,-1
Yellow,8,lyon,4,0,-,Yellow,minnow,21,1,survived_horizon,36000,1200.00,True,1715,1713,3430,9,0,0,53088,53088,4,-1,1.0000,-1
Yellow,8,lyon,4,0,-,Yellow,minnow,22,1,survived_horizon,36000,1200.00,True,1637,1636,3274,8,0,0,53088,53088,4,-1,1.0000,-1
Yellow,8,lyon,4,0,-,Yellow,minnow,24,1,survived_horizon,36000,1200.00,True,1500,1499,3000,7,0,0,53088,53088,4,-1,1.0000,-1
Yellow,8,lyon,4,0,-,Yellow,minnow,25,1,survived_horizon,36000,1200.00,True,1440,1439,2880,7,0,0,53088,53088,4,-1,1.0000,-1
Yellow,8,lyon,4,0,-,Yellow,minnow,26,1,castle_destroyed,3880,129.33,False,150,149,300,6,0,0,53088,53088,4,-1,1.0000,3280
Yellow,8,lyon,4,0,-,Yellow,minnow,28,1,castle_destroyed,2832,94.40,False,102,101,204,6,0,0,53088,53088,4,-1,1.0000,2382
Yellow,8,lyon,4,0,-,Yellow,minnow,30,1,survived_horizon,36000,1200.00,True,1200,1200,2400,6,0,0,53088,53088,4,-1,1.0000,-1
Yellow,8,lyon,4,0,-,Yellow,minnow,32,1,castle_destroyed,6280,209.33,False,197,196,394,6,0,0,53088,53088,4,-1,1.0000,3880
Yellow,8,lyon,4,0,-,Yellow,minnow,35,1,castle_destroyed,3430,114.33,False,98,98,196,5,0,0,53088,53088,4,-1,1.0000,2980
Yellow,8,lyon,4,0,-,Yellow,minnow,38,1,castle_destroyed,4491,149.70,False,119,118,238,4,0,0,53088,53088,4,-1,1.0000,4341
Yellow,8,lyon,4,0,-,Yellow,minnow,40,1,castle_destroyed,2230,74.33,False,56,56,112,4,0,0,53088,53088,4,-1,1.0000,2080
Yellow,8,lyon,5,0,-,Yellow,minnow,0,1,castle_destroyed,881,29.37,False,0,0,0,0,0,0,66360,66360,5,-1,1.0000,851
Yellow,8,lyon,5,0,-,Yellow,minnow,10,1,survived_horizon,36000,1200.00,True,3600,3598,7200,18,0,0,66360,66360,5,-1,1.0000,-1
Yellow,8,lyon,5,0,-,Yellow,minnow,12,1,castle_destroyed,3584,119.47,False,299,298,598,15,0,0,66360,66360,5,-1,1.0000,3284
Yellow,8,lyon,5,0,-,Yellow,minnow,15,1,survived_horizon,36000,1200.00,True,2400,2399,4800,12,0,0,66360,66360,5,-1,1.0000,-1
Yellow,8,lyon,5,0,-,Yellow,minnow,16,1,castle_destroyed,5080,169.33,False,318,317,636,11,0,0,66360,66360,5,-1,1.0000,3880
Yellow,8,lyon,5,0,-,Yellow,minnow,18,1,castle_destroyed,3139,104.63,False,175,174,350,10,0,0,66360,66360,5,-1,1.0000,2689
Yellow,8,lyon,5,0,-,Yellow,minnow,20,1,castle_destroyed,2387,79.57,False,120,119,240,9,0,0,66360,66360,5,-1,1.0000,2087
Yellow,8,lyon,5,0,-,Yellow,minnow,21,1,castle_destroyed,3283,109.43,False,157,156,314,8,0,0,66360,66360,5,-1,1.0000,3133
Yellow,8,lyon,5,0,-,Yellow,minnow,22,1,castle_destroyed,5090,169.67,False,232,231,464,8,0,0,66360,66360,5,-1,1.0000,4340
Yellow,8,lyon,5,0,-,Yellow,minnow,24,1,survived_horizon,36000,1200.00,True,1500,1499,3000,7,0,0,66360,66360,5,-1,1.0000,-1
Yellow,8,lyon,5,0,-,Yellow,minnow,25,1,castle_destroyed,2583,86.10,False,104,103,208,7,0,0,66360,66360,5,-1,1.0000,2433
Yellow,8,lyon,5,0,-,Yellow,minnow,26,1,castle_destroyed,3280,109.33,False,127,126,254,6,0,0,66360,66360,5,-1,1.0000,2894
Yellow,8,lyon,5,0,-,Yellow,minnow,28,1,castle_destroyed,2108,70.27,False,76,75,152,6,0,0,66360,66360,5,-1,1.0000,1658
Yellow,8,lyon,5,0,-,Yellow,minnow,30,1,castle_destroyed,2046,68.20,False,69,68,138,6,0,0,66360,66360,5,-1,1.0000,1896
Yellow,8,lyon,5,0,-,Yellow,minnow,32,1,castle_destroyed,2239,74.63,False,70,70,140,5,0,0,66360,66360,5,-1,1.0000,2089
Yellow,8,lyon,5,0,-,Yellow,minnow,35,1,castle_destroyed,1334,44.47,False,39,38,78,5,0,0,66360,66360,5,-1,1.0000,1093
Yellow,8,lyon,5,0,-,Yellow,minnow,38,1,castle_destroyed,1149,38.30,False,31,30,62,4,0,0,66360,66360,5,-1,1.0000,1018
Yellow,8,lyon,5,0,-,Yellow,minnow,40,1,castle_destroyed,1088,36.27,False,28,27,56,4,0,0,66360,66360,5,-1,1.0000,991
